nm_empresa,website_url,run_at,product_category,product_name,materials,is_wood_related,mentions_pinus,source_hint
Fabrica De Moveis Rorato - Araruna,https://www.ajrorato.ind.br/,2026-01-26T12:26:53.444055+00:00,COZINHAS,"ARMÁRIO ATENAS 192,2CM",Estrutura reforçada de madeira pinus de reflorestamento próprio tratada,yes,yes,COZINHAS
Fabrica De Moveis Rorato - Araruna,https://www.ajrorato.ind.br/,2026-01-26T12:26:53.444055+00:00,COZINHAS,"ARMÁRIO ATENAS 154,2CM",Estrutura reforçada de madeira pinus de reflorestamento próprio tratada,yes,yes,COZINHAS
Fabrica De Moveis Rorato - Araruna,https://www.ajrorato.ind.br/,2026-01-26T12:26:53.444055+00:00,COZINHAS,"ARMÁRIO ATENAS 134,2CM",Estrutura reforçada de madeira pinus de reflorestamento próprio tratada,yes,yes,COZINHAS
Fabrica De Moveis Rorato - Araruna,https://www.ajrorato.ind.br/,2026-01-26T12:26:53.444055+00:00,COZINHAS,"ARMÁRIO VALENZA 144,2CM",Estrutura reforçada de madeira pinus de reflorestamento próprio tratada,yes,yes,COZINHAS
Fabrica De Moveis Rorato - Araruna,https://www.ajrorato.ind.br/,2026-01-26T12:26:53.444055+00:00,COZINHAS,"ARMÁRIO TÓQUIO 174,2CM",Estrutura reforçada de madeira pinus de reflorestamento próprio tratada,yes,yes,COZINHAS
Fabrica De Moveis Rorato - Araruna,https://www.ajrorato.ind.br/,2026-01-26T12:26:53.444055+00:00,LAVANDERIA,"KIT LAVANDERIA AMÉLIA TANQUE SIMPLES 43,5CM",Armário com estrutura reforçada de madeira pinus de reflorestamento próprio,yes,yes,LAVANDERIA
Fabrica De Moveis Rorato - Araruna,https://www.ajrorato.ind.br/,2026-01-26T12:26:53.444055+00:00,LAVANDERIA,"ARMÁRIO AÉREO 2 PORTAS 56,5CM",Armário com estrutura reforçada de madeira pinus de reflorestamento próprio,yes,yes,LAVANDERIA
Fabrica De Moveis Rorato - Araruna,https://www.ajrorato.ind.br/,2026-01-26T12:26:53.444055+00:00,LAVANDERIA,"ARMÁRIO AÉREO 3 PORTAS 106,0CM",Armário com estrutura reforçada de madeira pinus de reflorestamento próprio,yes,yes,LAVANDERIA
Fabrica De Moveis Rorato - Araruna,https://www.ajrorato.ind.br/,2026-01-26T12:26:53.444055+00:00,LAVANDERIA,KIT LAVANDERIA AMÉLIA TANQUE DUPLO 110CM,Armário com estrutura reforçada de madeira pinus de reflorestamento próprio,yes,yes,LAVANDERIA
Fabrica De Moveis Rorato - Araruna,https://www.ajrorato.ind.br/,2026-01-26T12:26:53.444055+00:00,LAVANDERIA,KIT LAVANDERIA AMÉLIA TANQUE SIMPLES 61CM,Armário com estrutura reforçada de madeira pinus de reflorestamento próprio,yes,yes,LAVANDERIA
Gcm Trade - Curitiba,https://www.gcmtrade.com.br,2026-01-26T12:35:59.001038+00:00,Wood,Pine Plywood,"WBP or MR glue, available in different sizes, thicknesses and qualities, such as A, B, C+, C, OES (Oil and Edge sealed), Falldown and Shop Grade",yes,yes,Main Product
Gcm Trade - Curitiba,https://www.gcmtrade.com.br,2026-01-26T12:35:59.001038+00:00,Wood,Pine,,yes,yes,Left Sidebar
Incomatti Biomassa Ltda,https://www.incomatti.com.br/,2026-01-26T12:15:57.400705+00:00,Toras,TORAS PINUS,Pinus,yes,yes,"##### TORAS PINUS
Toras"
Incomatti Florestal Ltda - Fazenda Rio Grande,https://www.incomatti.com.br,2026-01-26T12:21:28.109244+00:00,Madeiras,Pino Caribe,Madeira,yes,yes,https://www.incomatti.com.br/madeiras/
Mow Brazil Comercial Importadora E Exportadora - Foz do Iguacu,https://mowbrazil.com/pt/,2026-01-26T12:35:10.394874+00:00,Madeira Serrada,PINUS ELLIOTTI/TAEDA,Pinus,yes,yes,PINUS ELLIOTTI/TAEDA section on the page
Mow Brazil Ltda - Foz do Iguacu,https://mowbrazil.com/pt/,2026-01-26T12:38:21.241142+00:00,Lumber,PINUS ELIOTTI/TAEDA,Sawn wood from sustainable reforestation (Pine),yes,yes,https://mowbrazil.com/#lumber
Repinho Moveis E Paineis Decorativos Ltda - Guarapuava,https://lp.repinho.ind.br/,2026-01-26T12:23:27.616942+00:00,Compensado,Chapas de Compensado,Pinus,yes,yes,Sobre o Grupo
Rio Branco Madeiras - Guamiranga,https://madeireirariobranco.com.br,2026-01-26T12:22:14.143371+00:00,Madeira,MADEIRA DE PINUS,Pinus,yes,yes,MADEIRA DE PINUS section
Rpcz Agro Florestal Ltda. - Tunas do Parana,https://rragroflorestal.com.br/,2026-01-26T12:29:18.429454+00:00,,"Assessoria em todo processo de silvicultura de eucalipto, pinus, nativas e SAF","eucalipto, pinus",yes,yes,Services section
Rpcz Agro Florestal Ltda. - Tunas do Parana,https://rragroflorestal.com.br/,2026-01-26T12:29:18.429454+00:00,,"Assessoria em todo processo de produção de mudas florestais (eucalipto, pinus, nativas e cacau)","eucalipto, pinus",yes,yes,Services section
Wnw Madeiras - Uniao da Vitoria,https://wnwmadeiras.com.br,2026-01-26T12:15:24.838382+00:00,Biocombustível Sólido,PELLETS DE MADEIRA ENplus A1,madeira de pinus,yes,yes,Products page
A C Madeiras Ltda - Pinhais,https://acmadeiraeportas.weebly.com,2026-01-26T12:20:52.309756+00:00,Doors,"PORTAS LAMINADAS EM MADEIRA DE CÚRUPIXA, ANGEL IN, PEDRA, JEQUITIBÁ, IPÊ CHAMPANHE E PORTAS MATERIAL ACABADO COM VISTA REGULADO E PORTAS EXTERNAS","Cúrupixa, Angelim, Pedra, Jequitibá, Ipê Champanhe",yes,no,Imagens page
A C Madeiras Ltda - Pinhais,https://acmadeiraeportas.weebly.com,2026-01-26T12:20:52.309756+00:00,Tables,MESAS DE ANGEL IN E ITAÚBA,"Angelim, Itaúba",yes,no,Imagens page
A C Madeiras Ltda - Pinhais,https://acmadeiraeportas.weebly.com,2026-01-26T12:20:52.309756+00:00,Deck and Pergolas,DECK E PERGOLADOS,Not specified,yes,no,Imagens page
A C Madeiras Ltda - Pinhais,https://acmadeiraeportas.weebly.com,2026-01-26T12:20:52.309756+00:00,Garden Area,ÁREA DE JARDIM,Not specified,yes,no,Imagens page
A C Madeiras Ltda - Pinhais,https://acmadeiraeportas.weebly.com,2026-01-26T12:20:52.309756+00:00,Barbecue Boards,TÁBUAS DE CHURRASCO,Not specified,yes,no,Imagens page
A C Madeiras Ltda - Pinhais,https://acmadeiraeportas.weebly.com,2026-01-26T12:20:52.309756+00:00,Planters,FLOREIRAS DE MADEIRA,Wood,yes,no,Imagens page
Alvino Mayer & Cia Ltda - Boa Vista da Aparecida,https://www.cozinhasmayer.com.br,2026-01-26T12:46:54.317331+00:00,,Linha Cerejeira MD1,"MADEIRA, FÓRMICA",yes,no,Linha Cerejeira MD1
Alvino Mayer & Cia Ltda - Boa Vista da Aparecida,https://www.cozinhasmayer.com.br,2026-01-26T12:46:54.317331+00:00,,COZINHA 1200 GAV/LAT PANELEIRO TAMPO 1200 MADEIRA C/PÉ,MADEIRA,yes,no,Linha Cerejeira MD1
Alvino Mayer & Cia Ltda - Boa Vista da Aparecida,https://www.cozinhasmayer.com.br,2026-01-26T12:46:54.317331+00:00,,COZINHA P/PIA DE 1200 GAV/LAT C/PANELEIRO E GAV. TAMPO 400 MADEIRA,MADEIRA,yes,no,Linha Cerejeira MD1
Alvino Mayer & Cia Ltda - Boa Vista da Aparecida,https://www.cozinhasmayer.com.br,2026-01-26T12:46:54.317331+00:00,,COZ 1200 C/GAV LAT PAN GAV TAMPO 1600 MADEIRA C/PÉ,MADEIRA,yes,no,Linha Cerejeira MD1
Alvino Mayer & Cia Ltda - Boa Vista da Aparecida,https://www.cozinhasmayer.com.br,2026-01-26T12:46:54.317331+00:00,,COZINHA P/PIA DE 1200 GAV/LAT CRISTALEIRA DE 400 PAN. TAMPO 400 MADEIRA,MADEIRA,yes,no,Linha Cerejeira MD1
Alvino Mayer & Cia Ltda - Boa Vista da Aparecida,https://www.cozinhasmayer.com.br,2026-01-26T12:46:54.317331+00:00,,COZINHA P/PIA DE 1200 GAV/LAT C/PANELEIRO E GAV. TAMPO DE 1600 MADEIRA,MADEIRA,yes,no,Linha Cerejeira MD1
Alvino Mayer & Cia Ltda - Boa Vista da Aparecida,https://www.cozinhasmayer.com.br,2026-01-26T12:46:54.317331+00:00,,COZINHA 1200 GAV/LAT TAMPO 1200 CEREJEIRA COM PÉ,MADEIRA,yes,no,Linha Cerejeira MD1
Alvino Mayer & Cia Ltda - Boa Vista da Aparecida,https://www.cozinhasmayer.com.br,2026-01-26T12:46:54.317331+00:00,,COZINHA 1200 GAV/LAT PAN. GAVETEIRO VIDRO TPO 1600 CEREJEIRA C/PÉ,MADEIRA,yes,no,Linha Cerejeira MD1
Arauco Do Brasil S.A. - Pien,https://www.arauco.cl/,2026-01-26T12:50:35.444841+00:00,,ARAUCO Color panels,"Painted face, wood finishes, solid colors",yes,no,Bing Search Result
Biomax Biomassa Ltda - Jaguariaiva,https://www.biomaxbiomassa.com.br/,2026-01-26T12:21:50.612660+00:00,Biomassa/Resíduo de Madeira,Serragem de Madeira Verde Peneirada,Madeira,yes,no,Image caption
Biomax Biomassa Ltda - Jaguariaiva,https://www.biomaxbiomassa.com.br/,2026-01-26T12:21:50.612660+00:00,Biomassa/Resíduo de Madeira,Cavaco,Madeira,yes,no,Image caption
Biomax Biomassa Ltda - Jaguariaiva,https://www.biomaxbiomassa.com.br/,2026-01-26T12:21:50.612660+00:00,Matéria-Prima,Estoque de Matéria-Prima Própria,Madeira (provável),yes,no,Image caption
Biomax Biomassa Ltda - Jaguariaiva,https://www.biomaxbiomassa.com.br/,2026-01-26T12:21:50.612660+00:00,Biomassa/Resíduo de Madeira,Serragem de madeira seca (menor que 10% de umidade),Madeira,yes,no,Text below image
Biomax Biomassa Ltda - Jaguariaiva,https://www.biomaxbiomassa.com.br/,2026-01-26T12:21:50.612660+00:00,Madeira Processada,Madeira Serrada,Madeira,yes,no,Text below image
Biopreserv - Reserva,https://biopreserv.ind.br/,2026-01-26T12:25:26.284316+00:00,Maravalha,Maravalha Premium Slim,Madeira,yes,no,Maravalha Premium Slim
Biopreserv - Reserva,https://biopreserv.ind.br/,2026-01-26T12:25:26.284316+00:00,Maravalha,Maravalha Premium Mid,Madeira,yes,no,Maravalha Premium Mid
Biopreserv - Reserva,https://biopreserv.ind.br/,2026-01-26T12:25:26.284316+00:00,Maravalha,Maravalha Premium Large,Madeira,yes,no,Maravalha Premium Large
Compvale - Guia Do Marceneiro - Apucarana,https://guiadomarceneiro.net,2026-01-26T12:56:42.139709+00:00,Chapas,Chapas,"MDF, Compensados",yes,no,"Chapas de MDF e Compensados para fabricação de móveis em vários padrões de cores, tamanhos e espessuras."
Divisystem Materiais E Servicos Ltda - Pinhais,https://www.divisystem.com.br/,2026-01-26T12:29:52.060660+00:00,Revestimentos Parede e Teto,Revestimento acústico com frisos uniformes ou criativos em padrões amadeirados,Padrões amadeirados,yes,no,Revestimentos Parede e Teto
Divisystem Materiais E Servicos Ltda - Pinhais,https://www.divisystem.com.br/,2026-01-26T12:29:52.060660+00:00,Soluções para Piso,Piso alto padrão madeirado natural gran selection divisystem,Madeirado natural,yes,no,Soluções para Piso
Fenap Poliuretano E Artefatos De Madeira Ltda - Colombo,https://fenap.com.br/,2026-01-26T12:25:46.218011+00:00,Refrigeração,Porta para Baú Isotérmico,Madeira (implícito pelo nome da empresa),yes,no,https://fenap.com.br/produtos
Fenap Poliuretano E Artefatos De Madeira Ltda - Colombo,https://fenap.com.br/,2026-01-26T12:25:46.218011+00:00,Refrigeração,Portinhola,Madeira (implícito pelo nome da empresa),yes,no,https://fenap.com.br/produtos
Fenap Poliuretano E Artefatos De Madeira Ltda - Colombo,https://fenap.com.br/,2026-01-26T12:25:46.218011+00:00,Moveleiro,Espelho Posseidon,Madeira (implícito pelo nome da empresa),yes,no,https://fenap.com.br/produtos
Fenap Poliuretano E Artefatos De Madeira Ltda - Colombo,https://fenap.com.br/,2026-01-26T12:25:46.218011+00:00,Moveleiro,Espelhos Diversos,Madeira (implícito pelo nome da empresa),yes,no,https://fenap.com.br/produtos
Fenap Poliuretano E Artefatos De Madeira Ltda - Colombo,https://fenap.com.br/,2026-01-26T12:25:46.218011+00:00,Moveleiro,Espelho Barroco,Madeira (implícito pelo nome da empresa),yes,no,https://fenap.com.br/produtos
Fenap Poliuretano E Artefatos De Madeira Ltda - Colombo,https://fenap.com.br/,2026-01-26T12:25:46.218011+00:00,Moveleiro,Divisor Autoportante,Madeira (implícito pelo nome da empresa),yes,no,https://fenap.com.br/produtos
Gcm Trade - Curitiba,https://www.gcmtrade.com.br,2026-01-26T12:35:59.001038+00:00,Wood,Blockboard,,yes,no,Left Sidebar
Gcm Trade - Curitiba,https://www.gcmtrade.com.br,2026-01-26T12:35:59.001038+00:00,Wood,Blockboard Platform,,yes,no,Left Sidebar
Gcm Trade - Curitiba,https://www.gcmtrade.com.br,2026-01-26T12:35:59.001038+00:00,Wood,Decorative Plywood,,yes,no,Left Sidebar
Gcm Trade - Curitiba,https://www.gcmtrade.com.br,2026-01-26T12:35:59.001038+00:00,Wood,Eucalyptus,,yes,no,Left Sidebar
Gcm Trade - Curitiba,https://www.gcmtrade.com.br,2026-01-26T12:35:59.001038+00:00,Wood,Film Faced Plywood,,yes,no,Left Sidebar
Gcm Trade - Curitiba,https://www.gcmtrade.com.br,2026-01-26T12:35:59.001038+00:00,Wood,Finger Jointed,,yes,no,Left Sidebar
Gcm Trade - Curitiba,https://www.gcmtrade.com.br,2026-01-26T12:35:59.001038+00:00,Wood,Flooring,,yes,no,Left Sidebar
Gcm Trade - Curitiba,https://www.gcmtrade.com.br,2026-01-26T12:35:59.001038+00:00,Wood,Hardwood,,yes,no,Left Sidebar
Gcm Trade - Curitiba,https://www.gcmtrade.com.br,2026-01-26T12:35:59.001038+00:00,Wood,Hardwood Plywood,,yes,no,Left Sidebar
Gcm Trade - Curitiba,https://www.gcmtrade.com.br,2026-01-26T12:35:59.001038+00:00,Wood,Oversize Plywood,,yes,no,Left Sidebar
Gcm Trade - Curitiba,https://www.gcmtrade.com.br,2026-01-26T12:35:59.001038+00:00,Wood,Platform,,yes,no,Left Sidebar
Gcm Trade - Curitiba,https://www.gcmtrade.com.br,2026-01-26T12:35:59.001038+00:00,Wood,Rotary Cut Veneers,,yes,no,Left Sidebar
Gcm Trade - Curitiba,https://www.gcmtrade.com.br,2026-01-26T12:35:59.001038+00:00,Wood,Sliced Cut Veneers,,yes,no,Left Sidebar
Gcm Trade - Curitiba,https://www.gcmtrade.com.br,2026-01-26T12:35:59.001038+00:00,Wood,T1-11,,yes,no,Left Sidebar
Gcm Trade - Curitiba,https://www.gcmtrade.com.br,2026-01-26T12:35:59.001038+00:00,Wood,Teak Clean Squares,,yes,no,Left Sidebar
Gcm Trade - Curitiba,https://www.gcmtrade.com.br,2026-01-26T12:35:59.001038+00:00,Wood,Teak Lumber,,yes,no,Left Sidebar
Gcm Trade - Curitiba,https://www.gcmtrade.com.br,2026-01-26T12:35:59.001038+00:00,Wood,Top Layer Veneers,,yes,no,Left Sidebar
Incomatti Biomassa Ltda,https://www.incomatti.com.br/,2026-01-26T12:15:57.400705+00:00,Pisos,PISOS,,yes,no,"##### PISOS
Pisos"
Incomatti Biomassa Ltda,https://www.incomatti.com.br/,2026-01-26T12:15:57.400705+00:00,Madeiras,BLOCOS,Madeiras,yes,no,"##### BLOCOS
Madeiras"
Incomatti Biomassa Ltda,https://www.incomatti.com.br/,2026-01-26T12:15:57.400705+00:00,Compensados,COMPENSADOS,Compensados,yes,no,"##### COMPENSADOS
Compensados"
Incomatti Biomassa Ltda,https://www.incomatti.com.br/,2026-01-26T12:15:57.400705+00:00,Biomassa,BIOMASSA,Biomassa,yes,no,"##### BIOMASSA
Biomassa"
Incomatti Biomassa Ltda,https://www.incomatti.com.br/,2026-01-26T12:15:57.400705+00:00,Decking,DECKING,Decking,yes,no,"##### DECKING
Decking"
Incomatti Biomassa Ltda,https://www.incomatti.com.br/,2026-01-26T12:15:57.400705+00:00,Madeiras,MADEIRAS,Madeiras,yes,no,"##### MADEIRAS
Madeiras"
Incomatti Biomassa Ltda,https://www.incomatti.com.br/,2026-01-26T12:15:57.400705+00:00,Toras,TORAS TECA,Madeiras,yes,no,"##### TORAS TECA
Toras"
Incomatti Biomassa Ltda,https://www.incomatti.com.br/,2026-01-26T12:15:57.400705+00:00,Toras,TORAS EUCALIPTOS,Madeiras,yes,no,"##### TORAS EUCALIPTOS
Toras"
Incomatti Biomassa Ltda,https://www.incomatti.com.br/,2026-01-26T12:15:57.400705+00:00,Toras,TORAS TROPICAL,Madeiras,yes,no,"##### TORAS TROPICAL
Toras"
Incorplac Industria E Comercio De Moveis Ltda - Arapongas,https://www.incorplac.com.br/,2026-01-26T12:27:51.665650+00:00,Roupeiro,ROUPEIRO 6P 4G - SAN DIEGO (2400),,yes,no,https://www.incorplac.com.br/roupeiros
Incorplac Industria E Comercio De Moveis Ltda - Arapongas,https://www.incorplac.com.br/,2026-01-26T12:27:51.665650+00:00,Roupeiro,ROUPEIRO 6P 6G - 2000,,yes,no,https://www.incorplac.com.br/roupeiros
Incorplac Industria E Comercio De Moveis Ltda - Arapongas,https://www.incorplac.com.br/,2026-01-26T12:27:51.665650+00:00,Roupeiro,ROUPEIRO 6P 6G - 1800,,yes,no,https://www.incorplac.com.br/roupeiros
Incorplac Industria E Comercio De Moveis Ltda - Arapongas,https://www.incorplac.com.br/,2026-01-26T12:27:51.665650+00:00,Roupeiro,ROUPEIRO 6P 4G - 1790,,yes,no,https://www.incorplac.com.br/roupeiros
Incorplac Industria E Comercio De Moveis Ltda - Arapongas,https://www.incorplac.com.br/,2026-01-26T12:27:51.665650+00:00,Multiuso,MULTIUSO 2P - 705,,yes,no,https://www.incorplac.com.br/roupeiros
Incorplac Industria E Comercio De Moveis Ltda - Arapongas,https://www.incorplac.com.br/,2026-01-26T12:27:51.665650+00:00,Cômoda,CÔMODA 2P 4G - 1205,,yes,no,https://www.incorplac.com.br/roupeiros
Incorplac Industria E Comercio De Moveis Ltda - Arapongas,https://www.incorplac.com.br/,2026-01-26T12:27:51.665650+00:00,Cômoda,CÔMODA 4G - 904,,yes,no,https://www.incorplac.com.br/roupeiros
Incorplac Industria E Comercio De Moveis Ltda - Arapongas,https://www.incorplac.com.br/,2026-01-26T12:27:51.665650+00:00,Roupeiro,ROUPEIRO - MODENA,,yes,no,https://www.incorplac.com.br/roupeiros
Incorplac Industria E Comercio De Moveis Ltda - Arapongas,https://www.incorplac.com.br/,2026-01-26T12:27:51.665650+00:00,Roupeiro,ROUPEIRO 4G 2P - 1600,,yes,no,https://www.incorplac.com.br/roupeiros
Incorplac Industria E Comercio De Moveis Ltda - Arapongas,https://www.incorplac.com.br/,2026-01-26T12:27:51.665650+00:00,Roupeiro,ROUPEIRO 6P 2G - 1496,,yes,no,https://www.incorplac.com.br/roupeiros
Incorplac Industria E Comercio De Moveis Ltda - Arapongas,https://www.incorplac.com.br/,2026-01-26T12:27:51.665650+00:00,Roupeiro,ROUPEIRO 4P 2G - 1000,,yes,no,https://www.incorplac.com.br/roupeiros
Incorplac Industria E Comercio De Moveis Ltda - Arapongas,https://www.incorplac.com.br/,2026-01-26T12:27:51.665650+00:00,Cômoda,CÔMODA 1P 4G - 837,,yes,no,https://www.incorplac.com.br/roupeiros
Incorplac Industria E Comercio De Moveis Ltda - Arapongas,https://www.incorplac.com.br/,2026-01-26T12:27:51.665650+00:00,Cômoda,CÔMODA 5G - 562,,yes,no,https://www.incorplac.com.br/roupeiros
Incorplac Industria E Comercio De Moveis Ltda - Arapongas,https://www.incorplac.com.br/,2026-01-26T12:27:51.665650+00:00,Multiuso,MULTIUSO 2P - 605,,yes,no,https://www.incorplac.com.br/roupeiros
Industria E Comercio De Pallets Alto Piquiri Ltda - Alto Piquiri,https://servale.com.br,2026-01-26T12:41:49.374963+00:00,Pallets,PALLET PBR NOVO,Madeira,yes,no,servale.com.br/produtos
Industria E Comercio De Pallets Alto Piquiri Ltda - Alto Piquiri,https://servale.com.br,2026-01-26T12:41:49.374963+00:00,Pallets,PALLET ONE WAY,Madeira,yes,no,servale.com.br/produtos
Industria E Comercio De Pallets Alto Piquiri Ltda - Alto Piquiri,https://servale.com.br,2026-01-26T12:41:49.374963+00:00,Pallets,PALLET ENCOMENDADO,Madeira,yes,no,servale.com.br/produtos
Industria E Comercio De Pallets Alto Piquiri Ltda - Alto Piquiri,https://servale.com.br,2026-01-26T12:41:49.374963+00:00,Pallets,PALLET PBR USADO,Madeira,yes,no,servale.com.br/produtos
Linea Brasil - Arapongas,https://www.lineabrasil.com.br/,2026-01-26T12:27:42.341014+00:00,Painel Ripado,PAINEL RIPADO MODULAR 3.0 (2500MM) + NICHO 2.2 + PRATELEIRA 2.2,Unknown,yes,no,PAINEL RIPADO MODULAR
Linea Brasil - Arapongas,https://www.lineabrasil.com.br/,2026-01-26T12:27:42.341014+00:00,Painel Ripado,PAINEL RIPADO MODULAR 2.6 (2500MM) + NICHO 2.2 + PRATELEIRA 2.2,Unknown,yes,no,PAINEL RIPADO MODULAR
Linea Brasil - Arapongas,https://www.lineabrasil.com.br/,2026-01-26T12:27:42.341014+00:00,Painel Ripado,PAINEL RIPADO MODULAR 2.2 (2500MM) + NICHO 2.2 + PRATELEIRA 2.2,Unknown,yes,no,PAINEL RIPADO MODULAR
Linea Brasil - Arapongas,https://www.lineabrasil.com.br/,2026-01-26T12:27:42.341014+00:00,Painel Ripado,PAINEL RIPADO MODULAR 1.8 (2500MM) + NICHO 1.4 + PRATELEIRA 1.4,Unknown,yes,no,PAINEL RIPADO MODULAR
Linea Brasil - Arapongas,https://www.lineabrasil.com.br/,2026-01-26T12:27:42.341014+00:00,Painel Ripado,PAINEL RIPADO MODULAR 1.4 (2500MM) + NICHO 1.4 + PRATELEIRA 1.4,Unknown,yes,no,PAINEL RIPADO MODULAR
Linea Brasil - Arapongas,https://www.lineabrasil.com.br/,2026-01-26T12:27:42.341014+00:00,Painel Ripado,PAINEL RIPADO MODULAR 2.2 + PRATELEIRA 2.2,Unknown,yes,no,PAINEL RIPADO MODULAR
Linea Brasil - Arapongas,https://www.lineabrasil.com.br/,2026-01-26T12:27:42.341014+00:00,Painel Ripado,PAINEL RIPADO MODULAR 3.0 + NICHO CURVO 2.2 + PRATELEIRA CURVA 2.2,Unknown,yes,no,PAINEL RIPADO MODULAR
Linea Brasil - Arapongas,https://www.lineabrasil.com.br/,2026-01-26T12:27:42.341014+00:00,Painel Ripado,PAINEL RIPADO MODULAR 2.6 + NICHO CURVO 2.2 + PRATELEIRA CURVA 2.2,Unknown,yes,no,PAINEL RIPADO MODULAR
Linea Brasil - Arapongas,https://www.lineabrasil.com.br/,2026-01-26T12:27:42.341014+00:00,Painel Ripado,PAINEL RIPADO MODULAR 2.2 + NICHO CURVO 2.2 + PRATELEIRA CURVA 2.2,Unknown,yes,no,PAINEL RIPADO MODULAR
Linea Brasil - Arapongas,https://www.lineabrasil.com.br/,2026-01-26T12:27:42.341014+00:00,Painel Ripado,PAINEL RIPADO MODULAR 1.8 + NICHO CURVO 1.4 + PRATELEIRA CURVA 1.4,Unknown,yes,no,PAINEL RIPADO MODULAR
Linea Brasil - Arapongas,https://www.lineabrasil.com.br/,2026-01-26T12:27:42.341014+00:00,Painel Ripado,PAINEL RIPADO MODULAR 1.4 + NICHO CURVO 1.4 + PRATELEIRA CURVA 1.4,Unknown,yes,no,PAINEL RIPADO MODULAR
Linea Brasil - Arapongas,https://www.lineabrasil.com.br/,2026-01-26T12:27:42.341014+00:00,Painel Ripado,PAINEL RIPADO MODULAR 3.0 (2500MM),Unknown,yes,no,PAINEL RIPADO MODULAR
Linea Brasil - Arapongas,https://www.lineabrasil.com.br/,2026-01-26T12:27:42.341014+00:00,Painel Ripado,PAINEL RIPADO MODULAR 2.6 (2500MM),Unknown,yes,no,PAINEL RIPADO MODULAR
Linea Brasil - Arapongas,https://www.lineabrasil.com.br/,2026-01-26T12:27:42.341014+00:00,Painel Ripado,PAINEL RIPADO MODULAR 2.2 (2500MM),Unknown,yes,no,PAINEL RIPADO MODULAR
Linea Brasil - Arapongas,https://www.lineabrasil.com.br/,2026-01-26T12:27:42.341014+00:00,Painel Ripado,PAINEL RIPADO MODULAR 1.8 (2500MM),Unknown,yes,no,PAINEL RIPADO MODULAR
Linea Brasil - Arapongas,https://www.lineabrasil.com.br/,2026-01-26T12:27:42.341014+00:00,Painel Ripado,PAINEL RIPADO MODULAR 1.4,Unknown,yes,no,PAINEL RIPADO MODULAR
Linea Brasil - Arapongas,https://www.lineabrasil.com.br/,2026-01-26T12:27:42.341014+00:00,Painel Ripado,MODULO RIPADO 0.4,Unknown,yes,no,MODULO RIPADO
Linea Brasil - Arapongas,https://www.lineabrasil.com.br/,2026-01-26T12:27:42.341014+00:00,Nicho,NICHO 2.2,Unknown,yes,no,NICHO
Linea Brasil - Arapongas,https://www.lineabrasil.com.br/,2026-01-26T12:27:42.341014+00:00,Nicho,NICHO 1.4,Unknown,yes,no,NICHO
Linea Brasil - Arapongas,https://www.lineabrasil.com.br/,2026-01-26T12:27:42.341014+00:00,Nicho,NICHO CURVO 2.2,Unknown,yes,no,NICHO CURVO
Linea Brasil - Arapongas,https://www.lineabrasil.com.br/,2026-01-26T12:27:42.341014+00:00,Nicho,NICHO CURVO 1.4,Unknown,yes,no,NICHO CURVO
Linea Brasil - Arapongas,https://www.lineabrasil.com.br/,2026-01-26T12:27:42.341014+00:00,Prateleira,PRATELEIRA 2.2,Unknown,yes,no,PRATELEIRA
Linea Brasil - Arapongas,https://www.lineabrasil.com.br/,2026-01-26T12:27:42.341014+00:00,Prateleira,PRATELEIRA 1.4,Unknown,yes,no,PRATELEIRA
Linea Brasil - Arapongas,https://www.lineabrasil.com.br/,2026-01-26T12:27:42.341014+00:00,Prateleira,PRATELEIRA CURVA 2.2,Unknown,yes,no,PRATELEIRA CURVA
Linea Brasil - Arapongas,https://www.lineabrasil.com.br/,2026-01-26T12:27:42.341014+00:00,Prateleira,PRATELEIRA CURVA 1.4,Unknown,yes,no,PRATELEIRA CURVA
Linea Brasil - Arapongas,https://www.lineabrasil.com.br/,2026-01-26T12:27:42.341014+00:00,Painel,PAINEL SAO PAULO 2.2,Unknown,yes,no,PAINEL SAO PAULO
Linea Brasil - Arapongas,https://www.lineabrasil.com.br/,2026-01-26T12:27:42.341014+00:00,Painel,PAINEL SAO PAULO 2.0,Unknown,yes,no,PAINEL SAO PAULO
Linea Brasil - Arapongas,https://www.lineabrasil.com.br/,2026-01-26T12:27:42.341014+00:00,Painel,PAINEL SAO PAULO,Unknown,yes,no,PAINEL SAO PAULO
Linea Brasil - Arapongas,https://www.lineabrasil.com.br/,2026-01-26T12:27:42.341014+00:00,Painel,PAINEL GENOVA 2.0,Unknown,yes,no,PAINEL GENOVA
Linea Brasil - Arapongas,https://www.lineabrasil.com.br/,2026-01-26T12:27:42.341014+00:00,Painel,PAINEL OURO PRETO,Unknown,yes,no,PAINEL OURO PRETO
Linea Brasil - Arapongas,https://www.lineabrasil.com.br/,2026-01-26T12:27:42.341014+00:00,Painel,PAINEL EXTENSIVEL TULUM,Unknown,yes,no,PAINEL EXTENSIVEL TULUM
Linea Brasil - Arapongas,https://www.lineabrasil.com.br/,2026-01-26T12:27:42.341014+00:00,Conjunto,CONJUNTO RACK + PAINEL + 2 MODULO LATERAL SAO PAULO,Unknown,yes,no,CONJUNTO RACK + PAINEL
Linea Brasil - Arapongas,https://www.lineabrasil.com.br/,2026-01-26T12:27:42.341014+00:00,Conjunto,CONJUNTO RACK + PAINEL + 1 MODULO LATERAL SAO PAULO,Unknown,yes,no,CONJUNTO RACK + PAINEL
Linea Brasil - Arapongas,https://www.lineabrasil.com.br/,2026-01-26T12:27:42.341014+00:00,Conjunto,CONJUNTO RACK + PAINEL SAO PAULO,Unknown,yes,no,CONJUNTO RACK + PAINEL
Linea Brasil - Arapongas,https://www.lineabrasil.com.br/,2026-01-26T12:27:42.341014+00:00,Modulo Lateral,MODULO LATERAL SAO PAULO,Unknown,yes,no,MODULO LATERAL SAO PAULO
Linea Brasil - Arapongas,https://www.lineabrasil.com.br/,2026-01-26T12:27:42.341014+00:00,Conjunto,CONJUNTO RACK + PAINEL + 2 MODULO LATERAL OURO PRETO,Unknown,yes,no,CONJUNTO RACK + PAINEL
Linea Brasil - Arapongas,https://www.lineabrasil.com.br/,2026-01-26T12:27:42.341014+00:00,Conjunto,CONJUNTO RACK + PAINEL + 1 MODULO LATERAL OURO PRETO,Unknown,yes,no,CONJUNTO RACK + PAINEL
Linea Brasil - Arapongas,https://www.lineabrasil.com.br/,2026-01-26T12:27:42.341014+00:00,Conjunto,CONJUNTO RACK + PAINEL OURO PRETO,Unknown,yes,no,CONJUNTO RACK + PAINEL
Linea Brasil - Arapongas,https://www.lineabrasil.com.br/,2026-01-26T12:27:42.341014+00:00,Modulo Lateral,MODULO LATERAL OURO PRETO,Unknown,yes,no,MODULO LATERAL OURO PRETO
Linea Brasil - Arapongas,https://www.lineabrasil.com.br/,2026-01-26T12:27:42.341014+00:00,Rack + Painel,RACK SANTORINI C/ LED + PAINEL SANTORINI,Unknown,yes,no,RACK + PAINEL SANTORINI
Linea Brasil - Arapongas,https://www.lineabrasil.com.br/,2026-01-26T12:27:42.341014+00:00,Rack + Painel,RACK SANTORINI + PAINEL SANTORINI,Unknown,yes,no,RACK + PAINEL SANTORINI
Linea Brasil - Arapongas,https://www.lineabrasil.com.br/,2026-01-26T12:27:42.341014+00:00,Conjunto Home,CONJUNTO HOME GUARARAPES + KIT FITA LED 2 FITAS (1800MM),Unknown,yes,no,CONJUNTO HOME GUARARAPES
Linea Brasil - Arapongas,https://www.lineabrasil.com.br/,2026-01-26T12:27:42.341014+00:00,Home,HOME GUARARAPES,Unknown,yes,no,HOME GUARARAPES
Linea Brasil - Arapongas,https://www.lineabrasil.com.br/,2026-01-26T12:27:42.341014+00:00,Home,HOME MUNIQUE,Unknown,yes,no,HOME MUNIQUE
Linea Brasil - Arapongas,https://www.lineabrasil.com.br/,2026-01-26T12:27:42.341014+00:00,Home,HOME ELDORADO 2.0,Unknown,yes,no,HOME ELDORADO
Linea Brasil - Arapongas,https://www.lineabrasil.com.br/,2026-01-26T12:27:42.341014+00:00,Home,HOME NAPOLI,Unknown,yes,no,HOME NAPOLI
Linea Brasil - Arapongas,https://www.lineabrasil.com.br/,2026-01-26T12:27:42.341014+00:00,Home,HOME RAVENNA,Unknown,yes,no,HOME RAVENNA
Linea Brasil - Arapongas,https://www.lineabrasil.com.br/,2026-01-26T12:27:42.341014+00:00,Home,HOME ALAGOAS,Unknown,yes,no,HOME ALAGOAS
Linea Brasil - Arapongas,https://www.lineabrasil.com.br/,2026-01-26T12:27:42.341014+00:00,Home,HOME VALENCA,Unknown,yes,no,HOME VALENCA
Linea Brasil - Arapongas,https://www.lineabrasil.com.br/,2026-01-26T12:27:42.341014+00:00,Painel Home,PAINEL HOME ZURIQUE,Unknown,yes,no,PAINEL HOME ZURIQUE
Linea Brasil - Arapongas,https://www.lineabrasil.com.br/,2026-01-26T12:27:42.341014+00:00,Painel Home,PAINEL HOME ARARUNA,Unknown,yes,no,PAINEL HOME ARARUNA
Linea Brasil - Arapongas,https://www.lineabrasil.com.br/,2026-01-26T12:27:42.341014+00:00,Painel Home,PAINEL HOME HAVANA,Unknown,yes,no,PAINEL HOME HAVANA
Linea Brasil - Arapongas,https://www.lineabrasil.com.br/,2026-01-26T12:27:42.341014+00:00,Painel Home,PAINEL HOME FERRARA,Unknown,yes,no,PAINEL HOME FERRARA
Linea Brasil - Arapongas,https://www.lineabrasil.com.br/,2026-01-26T12:27:42.341014+00:00,Painel Home,PAINEL HOME MARAGOGI,Unknown,yes,no,PAINEL HOME MARAGOGI
Linea Brasil - Arapongas,https://www.lineabrasil.com.br/,2026-01-26T12:27:42.341014+00:00,Painel Home,PAINEL HOME AMARANTE,Unknown,yes,no,PAINEL HOME AMARANTE
Linea Brasil - Arapongas,https://www.lineabrasil.com.br/,2026-01-26T12:27:42.341014+00:00,Painel Home,PAINEL HOME SINTRA,Unknown,yes,no,PAINEL HOME SINTRA
Linea Brasil - Arapongas,https://www.lineabrasil.com.br/,2026-01-26T12:27:42.341014+00:00,Painel Home,PAINEL HOME FRIBURGO,Unknown,yes,no,PAINEL HOME FRIBURGO
Linea Brasil - Arapongas,https://www.lineabrasil.com.br/,2026-01-26T12:27:42.341014+00:00,Painel Home,PAINEL HOME ALVORADA,Unknown,yes,no,PAINEL HOME ALVORADA
Linea Brasil - Arapongas,https://www.lineabrasil.com.br/,2026-01-26T12:27:42.341014+00:00,Rack,RACK ISTAMBUL,Unknown,yes,no,RACK ISTAMBUL
Linea Brasil - Arapongas,https://www.lineabrasil.com.br/,2026-01-26T12:27:42.341014+00:00,Rack,RACK DUBAI 1.8 COM LED,Unknown,yes,no,RACK DUBAI
Linea Brasil - Arapongas,https://www.lineabrasil.com.br/,2026-01-26T12:27:42.341014+00:00,Rack,RACK DUBAI 1.8,Unknown,yes,no,RACK DUBAI
Linea Brasil - Arapongas,https://www.lineabrasil.com.br/,2026-01-26T12:27:42.341014+00:00,Rack,RACK DUBAI 1.6 COM LED,Unknown,yes,no,RACK DUBAI
Linea Brasil - Arapongas,https://www.lineabrasil.com.br/,2026-01-26T12:27:42.341014+00:00,Rack,RACK DUBAI 1.6,Unknown,yes,no,RACK DUBAI
Linea Brasil - Arapongas,https://www.lineabrasil.com.br/,2026-01-26T12:27:42.341014+00:00,Rack,RACK ORLANDO,Unknown,yes,no,RACK ORLANDO
Linea Brasil - Arapongas,https://www.lineabrasil.com.br/,2026-01-26T12:27:42.341014+00:00,Rack,RACK COLORADO,Unknown,yes,no,RACK COLORADO
Linea Brasil - Arapongas,https://www.lineabrasil.com.br/,2026-01-26T12:27:42.341014+00:00,Rack,RACK ESMERALDA,Unknown,yes,no,RACK ESMERALDA
Linea Brasil - Arapongas,https://www.lineabrasil.com.br/,2026-01-26T12:27:42.341014+00:00,Rack,RACK AURUM,Unknown,yes,no,RACK AURUM
Linea Brasil - Arapongas,https://www.lineabrasil.com.br/,2026-01-26T12:27:42.341014+00:00,Rack,RACK PORTO,Unknown,yes,no,RACK PORTO
Linea Brasil - Arapongas,https://www.lineabrasil.com.br/,2026-01-26T12:27:42.341014+00:00,Rack,RACK GOLD,Unknown,yes,no,RACK GOLD
Linea Brasil - Arapongas,https://www.lineabrasil.com.br/,2026-01-26T12:27:42.341014+00:00,Rack,RACK RUBI,Unknown,yes,no,RACK RUBI
Linea Brasil - Arapongas,https://www.lineabrasil.com.br/,2026-01-26T12:27:42.341014+00:00,Cristaleira,CRISTALEIRA RETRO MARSALA,Unknown,yes,no,CRISTALEIRA RETRO MARSALA
Linea Brasil - Arapongas,https://www.lineabrasil.com.br/,2026-01-26T12:27:42.341014+00:00,Buffet,BUFFET EVORA 1.6,Unknown,yes,no,BUFFET EVORA
Linea Brasil - Arapongas,https://www.lineabrasil.com.br/,2026-01-26T12:27:42.341014+00:00,Buffet,BUFFET AURA 1.4,Unknown,yes,no,BUFFET AURA
Linea Brasil - Arapongas,https://www.lineabrasil.com.br/,2026-01-26T12:27:42.341014+00:00,Aparador,APARADOR MONACO,Unknown,yes,no,APARADOR MONACO
Linea Brasil - Arapongas,https://www.lineabrasil.com.br/,2026-01-26T12:27:42.341014+00:00,Mesa de Centro,MESA DE CENTRO MONACO,Unknown,yes,no,MESA DE CENTRO MONACO
Linea Brasil - Arapongas,https://www.lineabrasil.com.br/,2026-01-26T12:27:42.341014+00:00,Cabeceira,CABECEIRA LARANJEIRAS 2.4 + PAR FRAME PARA CABECEIRA,Unknown,yes,no,CABECEIRA LARANJEIRAS
Linea Brasil - Arapongas,https://www.lineabrasil.com.br/,2026-01-26T12:27:42.341014+00:00,Mesa de Cabeceira,MESA DE CABECEIRA BUZIOS,Unknown,yes,no,MESA DE CABECEIRA BUZIOS
Linea Brasil - Arapongas,https://www.lineabrasil.com.br/,2026-01-26T12:27:42.341014+00:00,Mesa de Cabeceira,MESA DE CABECEIRA BUZIOS ESTRELA,Unknown,yes,no,MESA DE CABECEIRA BUZIOS ESTRELA
Linea Brasil - Arapongas,https://www.lineabrasil.com.br/,2026-01-26T12:27:42.341014+00:00,Aparador,APARADOR OLIMPO,Unknown,yes,no,APARADOR OLIMPO
Linea Brasil - Arapongas,https://www.lineabrasil.com.br/,2026-01-26T12:27:42.341014+00:00,Mesa de Centro,MESA DE CENTRO OLIMPO,Unknown,yes,no,MESA DE CENTRO OLIMPO
Moval - Arapongas,moval.com.vc,2026-01-26T12:24:43.823150+00:00,,"2,30m • Linha Inspiração",,yes,no,Products list
Moval - Arapongas,moval.com.vc,2026-01-26T12:24:43.823150+00:00,,"2,22m • Linha Crystal",,yes,no,Products list
Moval - Arapongas,moval.com.vc,2026-01-26T12:24:43.823150+00:00,,"2,12m • Linha Crystal Light",,yes,no,Products list
Moval - Arapongas,moval.com.vc,2026-01-26T12:24:43.823150+00:00,,"⁠2,04m • Linha Smart",,yes,no,Products list
Moval - Arapongas,moval.com.vc,2026-01-26T12:24:43.823150+00:00,,"2,04m • Linha Clean",,yes,no,Products list
Moval - Arapongas,moval.com.vc,2026-01-26T12:24:43.823150+00:00,,"1,82m • Linha Essencial",,yes,no,Products list
Moval - Arapongas,moval.com.vc,2026-01-26T12:24:43.823150+00:00,,Linha Multiuso,,yes,no,Products list
Moval - Arapongas,moval.com.vc,2026-01-26T12:24:43.823150+00:00,,Cômodas,,yes,no,Products list
Moval - Arapongas,moval.com.vc,2026-01-26T12:24:43.823150+00:00,,Camarim,,yes,no,Products list
Moval - Arapongas,moval.com.vc,2026-01-26T12:24:43.823150+00:00,,Complementos para o quarto,,yes,no,Products list
Moveis Notavel - Ampere,https://notavel.ind.br/,2026-01-26T12:26:20.747093+00:00,Multiuso,MULTIUSO NT 4040,MDF (for handles),yes,no,https://notavel.ind.br/multiuso
Moveis Notavel - Ampere,https://notavel.ind.br/,2026-01-26T12:26:20.747093+00:00,Multiuso,MULTIUSO NT 4020,MDF (for handles),yes,no,https://notavel.ind.br/multiuso
Moveis Notavel - Ampere,https://notavel.ind.br/,2026-01-26T12:26:20.747093+00:00,Multiuso,MULTIUSO NT 4045,MDF (for handles),yes,no,https://notavel.ind.br/multiuso
Moveis Notavel - Ampere,https://notavel.ind.br/,2026-01-26T12:26:20.747093+00:00,Multiuso,SAPATEIRA ALASKA NEW,MDF (for handles),yes,no,https://notavel.ind.br/multiuso
Moveis Notavel - Ampere,https://notavel.ind.br/,2026-01-26T12:26:20.747093+00:00,Quarto,GUARDA-ROUPA NT 6035,Not specified,yes,no,https://notavel.ind.br/quarto
Moveis Notavel - Ampere,https://notavel.ind.br/,2026-01-26T12:26:20.747093+00:00,Quarto,GUARDA-ROUPA NT 6030,MDF (for handles),yes,no,https://notavel.ind.br/quarto
Moveis Notavel - Ampere,https://notavel.ind.br/,2026-01-26T12:26:20.747093+00:00,Quarto,GUARDA-ROUPA NT 5130,MDF (for handles),yes,no,https://notavel.ind.br/quarto
Moveis Notavel - Ampere,https://notavel.ind.br/,2026-01-26T12:26:20.747093+00:00,Quarto,GUARDA-ROUPA NT 5005,MDF (for handles),yes,no,https://notavel.ind.br/quarto
Moveis Notavel - Ampere,https://notavel.ind.br/,2026-01-26T12:26:20.747093+00:00,Quarto,GUARDA-ROUPA NT 5000,MDF (for handles),yes,no,https://notavel.ind.br/quarto
Moveis Notavel - Ampere,https://notavel.ind.br/,2026-01-26T12:26:20.747093+00:00,Quarto,GUARDA-ROUPA NT 5015,MDF (for handles),yes,no,https://notavel.ind.br/quarto
Moveis Notavel - Ampere,https://notavel.ind.br/,2026-01-26T12:26:20.747093+00:00,Quarto,GUARDA-ROUPA NT 6020,MDF (for handles),yes,no,https://notavel.ind.br/quarto
Moveis Notavel - Ampere,https://notavel.ind.br/,2026-01-26T12:26:20.747093+00:00,Quarto,GUARDA-ROUPA NT 6015,Not specified,yes,no,https://notavel.ind.br/quarto
Moveis Notavel - Ampere,https://notavel.ind.br/,2026-01-26T12:26:20.747093+00:00,Quarto,GUARDA-ROUPA NT 6010,Not specified,yes,no,https://notavel.ind.br/quarto
Moveis Notavel - Ampere,https://notavel.ind.br/,2026-01-26T12:26:20.747093+00:00,Quarto,CÔMODA NT 5165,MDF (for handles),yes,no,https://notavel.ind.br/quarto
Moveis Notavel - Ampere,https://notavel.ind.br/,2026-01-26T12:26:20.747093+00:00,Quarto,CÔMODA NT 5185,MDF (for handles),yes,no,https://notavel.ind.br/quarto
Movelim Industria Moveleira Ltda. - Sabaudia,www.carppem.com.br,2026-01-26T12:30:48.381855+00:00,,Mesa Trama Quadrada,,yes,no,Mesa Trama Quadrada
Movelim Industria Moveleira Ltda. - Sabaudia,www.carppem.com.br,2026-01-26T12:30:48.381855+00:00,,Cadeira Abraço,,yes,no,Cadeira Abraço
Movelim Industria Moveleira Ltda. - Sabaudia,www.carppem.com.br,2026-01-26T12:30:48.381855+00:00,,Mesa Zaki,,yes,no,Mesa Zaki
Movelim Industria Moveleira Ltda. - Sabaudia,www.carppem.com.br,2026-01-26T12:30:48.381855+00:00,,Sideboard Zaki,,yes,no,Sideboard Zaki
Movelim Industria Moveleira Ltda. - Sabaudia,www.carppem.com.br,2026-01-26T12:30:48.381855+00:00,,Table Bistrô,,yes,no,Table Bistrô
Movelim Industria Moveleira Ltda. - Sabaudia,www.carppem.com.br,2026-01-26T12:30:48.381855+00:00,,Table Eva – Chair Sarah,,yes,no,Table Eva – Chair Sarah
Movelim Industria Moveleira Ltda. - Sabaudia,www.carppem.com.br,2026-01-26T12:30:48.381855+00:00,,Chair Minah,,yes,no,Chair Minah
Movelim Industria Moveleira Ltda. - Sabaudia,www.carppem.com.br,2026-01-26T12:30:48.381855+00:00,,Table Diamante Oval,,yes,no,Table Diamante Oval
Movelim Industria Moveleira Ltda. - Sabaudia,www.carppem.com.br,2026-01-26T12:30:48.381855+00:00,,Chair Ester,,yes,no,Chair Ester
Movelim Industria Moveleira Ltda. - Sabaudia,www.carppem.com.br,2026-01-26T12:30:48.381855+00:00,,Table New – Chair Mari – Buffet Jazz,,yes,no,Table New – Chair Mari – Buffet Jazz
Movelim Industria Moveleira Ltda. - Sabaudia,www.carppem.com.br,2026-01-26T12:30:48.381855+00:00,,Buffet Dover,,yes,no,Buffet Dover
Movelim Industria Moveleira Ltda. - Sabaudia,www.carppem.com.br,2026-01-26T12:30:48.381855+00:00,,Table Trama Square,,yes,no,Table Trama Square
Movelim Industria Moveleira Ltda. - Sabaudia,www.carppem.com.br,2026-01-26T12:30:48.381855+00:00,,Stool Kim,,yes,no,Stool Kim
Movelim Industria Moveleira Ltda. - Sabaudia,www.carppem.com.br,2026-01-26T12:30:48.381855+00:00,,Table Zaki,,yes,no,Table Zaki
Movelim Industria Moveleira Ltda. - Sabaudia,www.carppem.com.br,2026-01-26T12:30:48.381855+00:00,,Chair Abraço,,yes,no,Chair Abraço
New Ceval - Sabaudia,https://newceval.com.br/,2026-01-26T12:42:01.262074+00:00,Mesas & Cadeiras,"Mesa Serena 1,35m com Cadeiras Serena","MDF, vidro, eucalipto, espuma D18",yes,no,"Mesa Serena 1,35m com Cadeiras Serena"
New Ceval - Sabaudia,https://newceval.com.br/,2026-01-26T12:42:01.262074+00:00,Mesas & Cadeiras,"Mesa Isis 1,00 com Cadeira Amanda","MDF, espuma D18",yes,no,"Mesa Isis 1,00 com Cadeira Amanda"
New Ceval - Sabaudia,https://newceval.com.br/,2026-01-26T12:42:01.262074+00:00,Mesas & Cadeiras,"Mesa Isabela 1,35m com Tampo Giratório e Cadeiras Amanda","MDF, vidro",yes,no,"Mesa Isabela 1,35m com Tampo Giratório e Cadeiras Amanda"
New Ceval - Sabaudia,https://newceval.com.br/,2026-01-26T12:42:01.262074+00:00,Mesas & Cadeiras,"Mesa Isabela 1,00m com Cadeiras Carol","MDF, espuma D18",yes,no,"Mesa Isabela 1,00m com Cadeiras Carol"
New Ceval - Sabaudia,https://newceval.com.br/,2026-01-26T12:42:01.262074+00:00,Mesas & Cadeiras,"Mesa Bárbara 1,80m com Cadeiras Mariah","MDF, vidro, eucalipto, espuma D18",yes,no,"Mesa Bárbara 1,80m com Cadeiras Mariah"
New Ceval - Sabaudia,https://newceval.com.br/,2026-01-26T12:42:01.262074+00:00,Complementos,TAMPO GIRATÓRIO MELISSA,"MDF, vidro",yes,no,TAMPO GIRATÓRIO MELISSA
New Ceval - Sabaudia,https://newceval.com.br/,2026-01-26T12:42:01.262074+00:00,Mesas & Cadeiras,"Mesa Barbara 1,35m x 1,35m com Cadeiras Ana","MDF, vidro",yes,no,"Mesa Barbara 1,35m x 1,35m com Cadeiras Ana"
New Ceval - Sabaudia,https://newceval.com.br/,2026-01-26T12:42:01.262074+00:00,Mesas & Cadeiras,"mesa aurea 1,60m com Cadeiras Aurea","MDF, vidro, espuma D18",yes,no,"mesa aurea 1,60m com Cadeiras Aurea"
New Ceval - Sabaudia,https://newceval.com.br/,2026-01-26T12:42:01.262074+00:00,Mesas & Cadeiras,"Mesa Anitta 1,60m com Cadeiras Ana","MDF, vidro, espuma D18",yes,no,"Mesa Anitta 1,60m com Cadeiras Ana"
Repinho Moveis E Paineis Decorativos Ltda - Guarapuava,https://lp.repinho.ind.br/,2026-01-26T12:23:27.616942+00:00,Painel MDP,Painéis de MDP,Partículas de madeira,yes,no,Sobre o Grupo
Rpcz Agro Florestal Ltda. - Tunas do Parana,https://rragroflorestal.com.br/,2026-01-26T12:29:18.429454+00:00,,"Cursos e treinamentos presencias, on line e in company envolvendo produção de mudas, silvicultura e manejo nutricional.",wood,yes,no,Services section
Rud Rack - Rolandia,https://rudrack.com.br/,2026-01-26T12:37:13.011858+00:00,Roupeiros,Roupeiros,,yes,no,List item
Rud Rack - Rolandia,https://rudrack.com.br/,2026-01-26T12:37:13.011858+00:00,Roupeiros,Búzios,,yes,no,Sub-item of Roupeiros
Rud Rack - Rolandia,https://rudrack.com.br/,2026-01-26T12:37:13.011858+00:00,Roupeiros,Capelinha Lyon,,yes,no,Sub-item of Roupeiros
Rud Rack - Rolandia,https://rudrack.com.br/,2026-01-26T12:37:13.011858+00:00,Roupeiros,Chicago,,yes,no,Sub-item of Roupeiros
Rud Rack - Rolandia,https://rudrack.com.br/,2026-01-26T12:37:13.011858+00:00,Roupeiros,Copacabana,,yes,no,Sub-item of Roupeiros
Rud Rack - Rolandia,https://rudrack.com.br/,2026-01-26T12:37:13.011858+00:00,Roupeiros,Curitiba,,yes,no,Sub-item of Roupeiros
Rud Rack - Rolandia,https://rudrack.com.br/,2026-01-26T12:37:13.011858+00:00,Roupeiros,Domus,,yes,no,Sub-item of Roupeiros
Rud Rack - Rolandia,https://rudrack.com.br/,2026-01-26T12:37:13.011858+00:00,Roupeiros,Floripa,,yes,no,Sub-item of Roupeiros
Rud Rack - Rolandia,https://rudrack.com.br/,2026-01-26T12:37:13.011858+00:00,Roupeiros,Itapema ll,,yes,no,Sub-item of Roupeiros
Rud Rack - Rolandia,https://rudrack.com.br/,2026-01-26T12:37:13.011858+00:00,Roupeiros,Londrina,,yes,no,Sub-item of Roupeiros
Rud Rack - Rolandia,https://rudrack.com.br/,2026-01-26T12:37:13.011858+00:00,Roupeiros,Madri,,yes,no,Sub-item of Roupeiros
Rud Rack - Rolandia,https://rudrack.com.br/,2026-01-26T12:37:13.011858+00:00,Roupeiros,México Casal,,yes,no,Sub-item of Roupeiros
Rud Rack - Rolandia,https://rudrack.com.br/,2026-01-26T12:37:13.011858+00:00,Roupeiros,Montes Claros,,yes,no,Sub-item of Roupeiros
Rud Rack - Rolandia,https://rudrack.com.br/,2026-01-26T12:37:13.011858+00:00,Roupeiros,Navegantes,,yes,no,Sub-item of Roupeiros
Rud Rack - Rolandia,https://rudrack.com.br/,2026-01-26T12:37:13.011858+00:00,Roupeiros,Porto Bello Plus,,yes,no,Sub-item of Roupeiros
Rud Rack - Rolandia,https://rudrack.com.br/,2026-01-26T12:37:13.011858+00:00,Roupeiros,Santiago,Cedro e Cedro Areia,yes,no,Sub-item of Roupeiros
Rud Rack - Rolandia,https://rudrack.com.br/,2026-01-26T12:37:13.011858+00:00,Roupeiros,Teresópolis,,yes,no,Sub-item of Roupeiros
Rud Rack - Rolandia,https://rudrack.com.br/,2026-01-26T12:37:13.011858+00:00,Roupeiros,Tokio,,yes,no,Sub-item of Roupeiros
Rud Rack - Rolandia,https://rudrack.com.br/,2026-01-26T12:37:13.011858+00:00,Multiusos,Multiusos,,yes,no,List item
Rud Rack - Rolandia,https://rudrack.com.br/,2026-01-26T12:37:13.011858+00:00,Multiusos,Anna,,yes,no,Sub-item of Multiusos
Rud Rack - Rolandia,https://rudrack.com.br/,2026-01-26T12:37:13.011858+00:00,Multiusos,Isabela,,yes,no,Sub-item of Multiusos
Rud Rack - Rolandia,https://rudrack.com.br/,2026-01-26T12:37:13.011858+00:00,Multiusos,Livreira Valentina,,yes,no,Sub-item of Multiusos
Rud Rack - Rolandia,https://rudrack.com.br/,2026-01-26T12:37:13.011858+00:00,Multiusos,Nina,,yes,no,Sub-item of Multiusos
Rud Rack - Rolandia,https://rudrack.com.br/,2026-01-26T12:37:13.011858+00:00,Multiusos,Samanta,,yes,no,Sub-item of Multiusos
Rud Rack - Rolandia,https://rudrack.com.br/,2026-01-26T12:37:13.011858+00:00,Mesas para computador,Mesas para computador,,yes,no,List item
Rud Rack - Rolandia,https://rudrack.com.br/,2026-01-26T12:37:13.011858+00:00,Mesas para computador,Sorata,,yes,no,Sub-item of Mesas para computador
Rud Rack - Rolandia,https://rudrack.com.br/,2026-01-26T12:37:13.011858+00:00,Mesas de Cabeceira,Mesas de Cabeceira,,yes,no,List item
Rud Rack - Rolandia,https://rudrack.com.br/,2026-01-26T12:37:13.011858+00:00,Mesas de Cabeceira,Valente,,yes,no,Sub-item of Mesas de Cabeceira
Rud Rack - Rolandia,https://rudrack.com.br/,2026-01-26T12:37:13.011858+00:00,Kits para Cozinhas,Kits para Cozinhas,,yes,no,List item
Rud Rack - Rolandia,https://rudrack.com.br/,2026-01-26T12:37:13.011858+00:00,Kits para Cozinhas,Letícia,,yes,no,Sub-item of Kits para Cozinhas
Rud Rack - Rolandia,https://rudrack.com.br/,2026-01-26T12:37:13.011858+00:00,Homes,Homes,,yes,no,List item
Rud Rack - Rolandia,https://rudrack.com.br/,2026-01-26T12:37:13.011858+00:00,Homes,Veron,,yes,no,Sub-item of Homes
Rud Rack - Rolandia,https://rudrack.com.br/,2026-01-26T12:37:13.011858+00:00,Cômodas,Cômodas,,yes,no,List item
Rud Rack - Rolandia,https://rudrack.com.br/,2026-01-26T12:37:13.011858+00:00,Cômodas,Athenas,,yes,no,Sub-item of Cômodas
Rud Rack - Rolandia,https://rudrack.com.br/,2026-01-26T12:37:13.011858+00:00,Cômodas,Paola,,yes,no,Sub-item of Cômodas
Rud Rack - Rolandia,https://rudrack.com.br/,2026-01-26T12:37:13.011858+00:00,Cômodas,Vitória,,yes,no,Sub-item of Cômodas
Rud Rack - Rolandia,https://rudrack.com.br/,2026-01-26T12:37:13.011858+00:00,Bancadas,Bancadas,,yes,no,List item
Rud Rack - Rolandia,https://rudrack.com.br/,2026-01-26T12:37:13.011858+00:00,Bancadas,Maxx,,yes,no,Sub-item of Bancadas
Rud Rack - Rolandia,https://rudrack.com.br/,2026-01-26T12:37:13.011858+00:00,Balcões Pia,Balcões Pia,,yes,no,List item
Rud Rack - Rolandia,https://rudrack.com.br/,2026-01-26T12:37:13.011858+00:00,Balcões Pia,Austria,,yes,no,Sub-item of Balcões Pia
Rud Rack - Rolandia,https://rudrack.com.br/,2026-01-26T12:37:13.011858+00:00,Balcões Pia,França,,yes,no,Sub-item of Balcões Pia
Rud Rack - Rolandia,https://rudrack.com.br/,2026-01-26T12:37:13.011858+00:00,Balcões Pia,Maísa,,yes,no,Sub-item of Balcões Pia
Rud Rack - Rolandia,https://rudrack.com.br/,2026-01-26T12:37:13.011858+00:00,Aéreo,Aéreo,,yes,no,List item
Rud Rack - Rolandia,https://rudrack.com.br/,2026-01-26T12:37:13.011858+00:00,Aéreo,Carol,,yes,no,Sub-item of Aéreo
Rud Rack - Rolandia,https://rudrack.com.br/,2026-01-26T12:37:13.011858+00:00,Roupeiros,Roupeiro Porto Bello Plus,,yes,no,Product Name
Rud Rack - Rolandia,https://rudrack.com.br/,2026-01-26T12:37:13.011858+00:00,Roupeiros,Roupeiro Santiago,Cedro e Cedro Areia,yes,no,Product Name
Rud Rack - Rolandia,https://rudrack.com.br/,2026-01-26T12:37:13.011858+00:00,Roupeiros,Roupeiro México Casal,,yes,no,Product Name
Rud Rack - Rolandia,https://rudrack.com.br/,2026-01-26T12:37:13.011858+00:00,Multiusos,Multiuso ANNA,,yes,no,Product Name
Rud Rack - Rolandia,https://rudrack.com.br/,2026-01-26T12:37:13.011858+00:00,Roupeiros,Roupeiro Chicago,,yes,no,Product Name
Rud Rack - Rolandia,https://rudrack.com.br/,2026-01-26T12:37:13.011858+00:00,Cômodas,Cômoda Vitória,,yes,no,Product Name
Theoto S A - Ponta Grossa,https://theoto.ind.br/,2026-01-26T12:24:53.130454+00:00,,Mexedor Long Drink Madeira – 50 Unid.,madeira,yes,no,Mexedor Long Drink Madeira – 50 Unid.
Tom Da Cor - Pinhais,https://tomdacor.com.br/,2026-01-26T12:41:51.119796+00:00,Painéis,Painéis (MDF/MDP),MDF/MDP,yes,no,Empresa section
Tom Da Cor - Pinhais,https://tomdacor.com.br/,2026-01-26T12:41:51.119796+00:00,Laminados,Lâminados,Laminados,yes,no,Empresa section
Industria E Comercio De Pallets Alto Piquiri Ltda - Alto Piquiri,https://servale.com.br,2026-01-26T12:41:49.374963+00:00,,MEDICAMENTOS + EQUIPAMENTOS HOSPITALARES,,no,no,servale.com.br/produtos
Industria E Comercio De Pallets Alto Piquiri Ltda - Alto Piquiri,https://servale.com.br,2026-01-26T12:41:49.374963+00:00,,BIOMASSA,,no,no,servale.com.br/produtos
Industria E Comercio De Pallets Alto Piquiri Ltda - Alto Piquiri,https://servale.com.br,2026-01-26T12:41:49.374963+00:00,,CHAPA DE FIBRA USADA,Chapa de Fibra,no,no,servale.com.br/produtos
Informobile - Curitiba,https://poltronaskastrup.com.br/,2026-01-26T12:38:10.202241+00:00,"AUDITÓRIOS, ESPAÇOS RELIGIOSOS, TEATROS",Alice A,,no,no,"Alice A AUDITÓRIOS, ESPAÇOS RELIGIOSOS, TEATROS"
Informobile - Curitiba,https://poltronaskastrup.com.br/,2026-01-26T12:38:10.202241+00:00,"AUDITÓRIOS, ESPAÇOS RELIGIOSOS, TEATROS",Alice B,,no,no,"Alice B AUDITÓRIOS, ESPAÇOS RELIGIOSOS, TEATROS"
Informobile - Curitiba,https://poltronaskastrup.com.br/,2026-01-26T12:38:10.202241+00:00,ESPAÇOS RELIGIOSOS,Cadeira Empilhável Vega,,no,no,Fênix CINEMAS
Informobile - Curitiba,https://poltronaskastrup.com.br/,2026-01-26T12:38:10.202241+00:00,CINEMAS,Fênix,,no,no,Fênix CINEMAS
Informobile - Curitiba,https://poltronaskastrup.com.br/,2026-01-26T12:38:10.202241+00:00,"AUDITÓRIOS, ESPAÇOS RELIGIOSOS, TEATROS",Guaíra,,no,no,"Guaíra AUDITÓRIOS, ESPAÇOS RELIGIOSOS, TEATROS"
Informobile - Curitiba,https://poltronaskastrup.com.br/,2026-01-26T12:38:10.202241+00:00,CINEMAS,Home Theater,,no,no,Home Theater CINEMAS
Informobile - Curitiba,https://poltronaskastrup.com.br/,2026-01-26T12:38:10.202241+00:00,ESPAÇOS RELIGIOSOS,Icaraí,,no,no,Icaraí ESPAÇOS RELIGIOSOS
Informobile - Curitiba,https://poltronaskastrup.com.br/,2026-01-26T12:38:10.202241+00:00,ESPAÇOS RELIGIOSOS,Icaraí Plus,,no,no,Icaraí Plus ESPAÇOS RELIGIOSOS
Informobile - Curitiba,https://poltronaskastrup.com.br/,2026-01-26T12:38:10.202241+00:00,ESPAÇOS RELIGIOSOS,Icaraí Plus Assento estofado,,no,no,Icaraí Plus Assento estofado ESPAÇOS RELIGIOSOS
Informobile - Curitiba,https://poltronaskastrup.com.br/,2026-01-26T12:38:10.202241+00:00,ESPAÇOS RELIGIOSOS,Icaraí Plus Estofada,,no,no,Icaraí Plus Estofada ESPAÇOS RELIGIOSOS
Informobile - Curitiba,https://poltronaskastrup.com.br/,2026-01-26T12:38:10.202241+00:00,"AUDITÓRIOS, TEATROS",Itamarati,,no,no,"Itamarati AUDITÓRIOS, TEATROS"
Informobile - Curitiba,https://poltronaskastrup.com.br/,2026-01-26T12:38:10.202241+00:00,CINEMAS,KAS 001 Rocker,,no,no,KAS 001 Rocker CINEMAS
Informobile - Curitiba,https://poltronaskastrup.com.br/,2026-01-26T12:38:10.202241+00:00,"AUDITÓRIOS, TEATROS",KAS 002 Versátile,,no,no,"KAS 002 Versátile AUDITÓRIOS, TEATROS"
Informobile - Curitiba,https://poltronaskastrup.com.br/,2026-01-26T12:38:10.202241+00:00,"AUDITÓRIOS, TEATROS",KAS 003 Ômega,,no,no,"KAS 003 Ômega AUDITÓRIOS, TEATROS"
Informobile - Curitiba,https://poltronaskastrup.com.br/,2026-01-26T12:38:10.202241+00:00,"AUDITÓRIOS, TEATROS",KAS 003 Ômega antipânico,,no,no,"KAS 003 Ômega antipânico AUDITÓRIOS, TEATROS"
Informobile - Curitiba,https://poltronaskastrup.com.br/,2026-01-26T12:38:10.202241+00:00,"AUDITÓRIOS, TEATROS",KAS 005 Sublime,,no,no,"KAS 005 Sublime AUDITÓRIOS, TEATROS"
Informobile - Curitiba,https://poltronaskastrup.com.br/,2026-01-26T12:38:10.202241+00:00,"AUDITÓRIOS, TEATROS",KAS 007 Royale,,no,no,"KAS 007 Royale AUDITÓRIOS, TEATROS"
Informobile - Curitiba,https://poltronaskastrup.com.br/,2026-01-26T12:38:10.202241+00:00,ESPAÇOS RELIGIOSOS,KAS 008 Glória Plus,,no,no,KAS 008 Glória Plus ESPAÇOS RELIGIOSOS
Informobile - Curitiba,https://poltronaskastrup.com.br/,2026-01-26T12:38:10.202241+00:00,"AUDITÓRIOS, TEATROS",KAS 009 Composité,,no,no,"KAS 009 Composité AUDITÓRIOS, TEATROS"
Informobile - Curitiba,https://poltronaskastrup.com.br/,2026-01-26T12:38:10.202241+00:00,"AUDITÓRIOS, TEATROS",KAS 010 Acústica,,no,no,"KAS 010 Acústica AUDITÓRIOS, TEATROS"
Informobile - Curitiba,https://poltronaskastrup.com.br/,2026-01-26T12:38:10.202241+00:00,"AUDITÓRIOS, TEATROS",KAS 015 Mirage,,no,no,"KAS 015 Mirage AUDITÓRIOS, TEATROS"
Informobile - Curitiba,https://poltronaskastrup.com.br/,2026-01-26T12:38:10.202241+00:00,"AUDITÓRIOS, TEATROS",KAS 018,,no,no,"KAS 018 AUDITÓRIOS, TEATROS"
Informobile - Curitiba,https://poltronaskastrup.com.br/,2026-01-26T12:38:10.202241+00:00,"AUDITÓRIOS, TEATROS",KAS 018 Slim,,no,no,"KAS 018 Slim AUDITÓRIOS, TEATROS"
Informobile - Curitiba,https://poltronaskastrup.com.br/,2026-01-26T12:38:10.202241+00:00,Sem categoria,KAS 019 Classic,,no,no,KAS 019 Classic Sem categoria
Informobile - Curitiba,https://poltronaskastrup.com.br/,2026-01-26T12:38:10.202241+00:00,"AUDITÓRIOS, TEATROS",KAS 020 Duo,,no,no,"KAS 020 Duo AUDITÓRIOS, TEATROS"
Informobile - Curitiba,https://poltronaskastrup.com.br/,2026-01-26T12:38:10.202241+00:00,ESPAÇOS RELIGIOSOS,Metro A,,no,no,Metro A ESPAÇOS RELIGIOSOS
Informobile - Curitiba,https://poltronaskastrup.com.br/,2026-01-26T12:38:10.202241+00:00,"AUDITÓRIOS, ESPAÇOS RELIGIOSOS, TEATROS",Metro Plus,,no,no,"Metro Plus AUDITÓRIOS, ESPAÇOS RELIGIOSOS, TEATROS"
Informobile - Curitiba,https://poltronaskastrup.com.br/,2026-01-26T12:38:10.202241+00:00,ESPAÇOS RELIGIOSOS,Patrícia A,,no,no,Patrícia A ESPAÇOS RELIGIOSOS
Informobile - Curitiba,https://poltronaskastrup.com.br/,2026-01-26T12:38:10.202241+00:00,ESPAÇOS RELIGIOSOS,Patrícia Plus,,no,no,Patrícia Plus ESPAÇOS RELIGIOSOS
Informobile - Curitiba,https://poltronaskastrup.com.br/,2026-01-26T12:38:10.202241+00:00,ESPAÇOS RELIGIOSOS,Roberta,,no,no,Roberta ESPAÇOS RELIGIOSOS
Informobile - Curitiba,https://poltronaskastrup.com.br/,2026-01-26T12:38:10.202241+00:00,"AUDITÓRIOS, ESPAÇOS RELIGIOSOS, TEATROS",Roberta Plus,,no,no,"Roberta Plus AUDITÓRIOS, ESPAÇOS RELIGIOSOS, TEATROS"
Luciane Industria Moveleira Ltda - Colombo,https://www.lucianecozinhas.com.br,2026-01-26T12:36:46.711331+00:00,Cozinha,Linha Planejada,,no,no,Linha Planejada
Luciane Industria Moveleira Ltda - Colombo,https://www.lucianecozinhas.com.br,2026-01-26T12:36:46.711331+00:00,Cozinha,Kits Compactos,,no,no,Kits Compactos
Luciane Industria Moveleira Ltda - Colombo,https://www.lucianecozinhas.com.br,2026-01-26T12:36:46.711331+00:00,Cozinha,Cozinhas Moduladas,,no,no,Cozinhas Moduladas
Luciane Industria Moveleira Ltda - Colombo,https://www.lucianecozinhas.com.br,2026-01-26T12:36:46.711331+00:00,Dormitório,Dormitório Modulado,,no,no,Dormitório Modulado
Luciane Industria Moveleira Ltda - Colombo,https://www.lucianecozinhas.com.br,2026-01-26T12:36:46.711331+00:00,Roupeiros,Roupeiros,,no,no,Roupeiros
Luciane Industria Moveleira Ltda - Colombo,https://www.lucianecozinhas.com.br,2026-01-26T12:36:46.711331+00:00,Cozinha,Cozinha Aura,,no,no,Cozinha Aura
Luciane Industria Moveleira Ltda - Colombo,https://www.lucianecozinhas.com.br,2026-01-26T12:36:46.711331+00:00,Cozinha,Cozinha Elegance,,no,no,Cozinha Elegance
Luciane Industria Moveleira Ltda - Colombo,https://www.lucianecozinhas.com.br,2026-01-26T12:36:46.711331+00:00,Cozinha,Cozinha Lumina,,no,no,Cozinha Lumina
Luciane Industria Moveleira Ltda - Colombo,https://www.lucianecozinhas.com.br,2026-01-26T12:36:46.711331+00:00,Cozinha,Cozinha Duna,,no,no,Cozinha Duna
Luciane Industria Moveleira Ltda - Colombo,https://www.lucianecozinhas.com.br,2026-01-26T12:36:46.711331+00:00,Cozinha,Cozinha Art,,no,no,Cozinha Art
Luciane Industria Moveleira Ltda - Colombo,https://www.lucianecozinhas.com.br,2026-01-26T12:36:46.711331+00:00,Cozinha,Cozinha Aspen,,no,no,Cozinha Aspen
Luciane Industria Moveleira Ltda - Colombo,https://www.lucianecozinhas.com.br,2026-01-26T12:36:46.711331+00:00,Cozinha,Cozinha Classic,,no,no,Cozinha Classic
Luciane Industria Moveleira Ltda - Colombo,https://www.lucianecozinhas.com.br,2026-01-26T12:36:46.711331+00:00,Cozinha,Cozinha Isa,,no,no,Cozinha Isa
Luciane Industria Moveleira Ltda - Colombo,https://www.lucianecozinhas.com.br,2026-01-26T12:36:46.711331+00:00,Cozinha,Cozinha Isis,,no,no,Cozinha Isis
Luciane Industria Moveleira Ltda - Colombo,https://www.lucianecozinhas.com.br,2026-01-26T12:36:46.711331+00:00,Cozinha,Cozinha Lari,,no,no,Cozinha Lari
Luciane Industria Moveleira Ltda - Colombo,https://www.lucianecozinhas.com.br,2026-01-26T12:36:46.711331+00:00,Cozinha,Cozinha Línea,,no,no,Cozinha Línea
Luciane Industria Moveleira Ltda - Colombo,https://www.lucianecozinhas.com.br,2026-01-26T12:36:46.711331+00:00,Cozinha,Cozinha Luna,,no,no,Cozinha Luna
Luciane Industria Moveleira Ltda - Colombo,https://www.lucianecozinhas.com.br,2026-01-26T12:36:46.711331+00:00,Cozinha,Cozinha Mel,,no,no,Cozinha Mel
Luciane Industria Moveleira Ltda - Colombo,https://www.lucianecozinhas.com.br,2026-01-26T12:36:46.711331+00:00,Cozinha,Cozinha Slim,,no,no,Cozinha Slim
Luciane Industria Moveleira Ltda - Colombo,https://www.lucianecozinhas.com.br,2026-01-26T12:36:46.711331+00:00,Cozinha,Stylo,,no,no,Stylo
Moveis Fiorello - Ampere,https://fiorello.com.br/pt,2026-01-26T12:30:12.548519+00:00,ROUPEIRO,ROUPEIRO 3X2 SMART - PÉ ARTESANAL,,no,no,https://fiorello.com.br/pt/produtos#roupeiro-
Moveis Fiorello - Ampere,https://fiorello.com.br/pt,2026-01-26T12:30:12.548519+00:00,ROUPEIRO,ROUPEIRO 3X2 SMART - PÉ RETRÔ,,no,no,https://fiorello.com.br/pt/produtos#roupeiro-
Moveis Fiorello - Ampere,https://fiorello.com.br/pt,2026-01-26T12:30:12.548519+00:00,ROUPEIRO,ROUPEIRO 4X3 SONHARE,,no,no,https://fiorello.com.br/pt/produtos#roupeiro-
Moveis Fiorello - Ampere,https://fiorello.com.br/pt,2026-01-26T12:30:12.548519+00:00,ROUPEIRO,ROUPEIRO 4X2 NANINHA,,no,no,https://fiorello.com.br/pt/produtos#roupeiro-
Moveis Fiorello - Ampere,https://fiorello.com.br/pt,2026-01-26T12:30:12.548519+00:00,CÔMODAS,COMODA SAPATEIRA SMART - PÉ ARTESANAL,,no,no,https://fiorello.com.br/pt/produtos#comodas
Moveis Fiorello - Ampere,https://fiorello.com.br/pt,2026-01-26T12:30:12.548519+00:00,CÔMODAS,COMODA SAPATEIRA SMART - PÉ RETRÔ,,no,no,https://fiorello.com.br/pt/produtos#comodas
Moveis Fiorello - Ampere,https://fiorello.com.br/pt,2026-01-26T12:30:12.548519+00:00,CÔMODAS,COMODA SAPATEIRA SONHARE,,no,no,https://fiorello.com.br/pt/produtos#comodas
Moveis Fiorello - Ampere,https://fiorello.com.br/pt,2026-01-26T12:30:12.548519+00:00,CÔMODAS,COMODA SAPATEIRA NANINHA,,no,no,https://fiorello.com.br/pt/produtos#comodas
Moveis Fiorello - Ampere,https://fiorello.com.br/pt,2026-01-26T12:30:12.548519+00:00,BERÇOS,BERÇO COLORE PLUS - PÉ ARTESANAL,,no,no,https://fiorello.com.br/pt/produtos#bercos-
Moveis Fiorello - Ampere,https://fiorello.com.br/pt,2026-01-26T12:30:12.548519+00:00,BERÇOS,BERÇO CAMA SONHARE,,no,no,https://fiorello.com.br/pt/produtos#bercos-
Moveis Fiorello - Ampere,https://fiorello.com.br/pt,2026-01-26T12:30:12.548519+00:00,BERÇOS,BERÇO CAMA VISIONE,,no,no,https://fiorello.com.br/pt/produtos#bercos-
Moveis Fiorello - Ampere,https://fiorello.com.br/pt,2026-01-26T12:30:12.548519+00:00,CAMAS,LINHA SMART PÉ ARTESANAL - CINZA,,no,no,https://fiorello.com.br/pt/produtos#camas
Moveis Fiorello - Ampere,https://fiorello.com.br/pt,2026-01-26T12:30:12.548519+00:00,CAMAS,LINHA SMART PÉ RETRO - CINZA,,no,no,https://fiorello.com.br/pt/produtos#camas
Moveis Fiorello - Ampere,https://fiorello.com.br/pt,2026-01-26T12:30:12.548519+00:00,CAMAS,LINHA SMART PÉ RETRO - BRANCO ACETINADO,,no,no,https://fiorello.com.br/pt/produtos#camas
Moveis Fiorello - Ampere,https://fiorello.com.br/pt,2026-01-26T12:30:12.548519+00:00,CAMAS,LINHA SONHARE - BRANCO ACETINADO,,no,no,https://fiorello.com.br/pt/produtos#camas
Moveis Fiorello - Ampere,https://fiorello.com.br/pt,2026-01-26T12:30:12.548519+00:00,CAMAS,LINHA NANINHA - BRANCO BRILHO,,no,no,https://fiorello.com.br/pt/produtos#camas
Moveis Fiorello - Ampere,https://fiorello.com.br/pt,2026-01-26T12:30:12.548519+00:00,CAMAS,LINHA NANINHA - DUETTO C/ BRANCO,,no,no,https://fiorello.com.br/pt/produtos#camas
Moveis Fiorello - Ampere,https://fiorello.com.br/pt,2026-01-26T12:30:12.548519+00:00,CAMAS,BERÇO CAMA SONHARE - BRANCO ACETINADO,,no,no,https://fiorello.com.br/pt/produtos#camas
Moveis Fiorello - Ampere,https://fiorello.com.br/pt,2026-01-26T12:30:12.548519+00:00,CAMAS,BERÇO CAMA VISIONE - BRANCO,,no,no,https://fiorello.com.br/pt/produtos#camas
Moveis Fiorello - Ampere,https://fiorello.com.br/pt,2026-01-26T12:30:12.548519+00:00,CAMAS,CAMA BABA MARQUESA,,no,no,https://fiorello.com.br/pt/produtos#camas
Moveis Fiorello - Ampere,https://fiorello.com.br/pt,2026-01-26T12:30:12.548519+00:00,CAMAS,CAMA AUXILIAR COM RODÍZIO - MARQUESA,,no,no,https://fiorello.com.br/pt/produtos#camas
Moveis Notavel - Ampere,https://notavel.ind.br/,2026-01-26T12:26:20.747093+00:00,Quarto,GUARDA-ROUPA NT 5020,Aluminum (for clothes racks),no,no,https://notavel.ind.br/quarto
Tecnoflex Ind.E Com. Do Mobiliario Para Escritorio - Quatro Barras,https://tecnoflex.com/,2026-01-26T12:22:26.711442+00:00,,Joy,,no,no,Linha Joy
Tecnoflex Ind.E Com. Do Mobiliario Para Escritorio - Quatro Barras,https://tecnoflex.com/,2026-01-26T12:22:26.711442+00:00,,Lex,,no,no,Linha Lex
Tecnoflex Ind.E Com. Do Mobiliario Para Escritorio - Quatro Barras,https://tecnoflex.com/,2026-01-26T12:22:26.711442+00:00,,Idea,,no,no,Linha Idea
Tecnoflex Ind.E Com. Do Mobiliario Para Escritorio - Quatro Barras,https://tecnoflex.com/,2026-01-26T12:22:26.711442+00:00,,Plug,,no,no,Linha Plug
Tecnoflex Ind.E Com. Do Mobiliario Para Escritorio - Quatro Barras,https://tecnoflex.com/,2026-01-26T12:22:26.711442+00:00,,Trend21,,no,no,Linha Trend21
Tecnoflex Ind.E Com. Do Mobiliario Para Escritorio - Quatro Barras,https://tecnoflex.com/,2026-01-26T12:22:26.711442+00:00,,Board,,no,no,Linha Board
Tecnoflex Ind.E Com. Do Mobiliario Para Escritorio - Quatro Barras,https://tecnoflex.com/,2026-01-26T12:22:26.711442+00:00,,neo.70,,no,no,Linha neo.70
Tecnoflex Ind.E Com. Do Mobiliario Para Escritorio - Quatro Barras,https://tecnoflex.com/,2026-01-26T12:22:26.711442+00:00,,New Amplify,,no,no,Linha New Amplify
Tecnoflex Ind.E Com. Do Mobiliario Para Escritorio - Quatro Barras,https://tecnoflex.com/,2026-01-26T12:22:26.711442+00:00,,Smart,,no,no,Linha Smart
Tecnoflex Ind.E Com. Do Mobiliario Para Escritorio - Quatro Barras,https://tecnoflex.com/,2026-01-26T12:22:26.711442+00:00,,Manager,,no,no,Linha Manager
Tecnoflex Ind.E Com. Do Mobiliario Para Escritorio - Quatro Barras,https://tecnoflex.com/,2026-01-26T12:22:26.711442+00:00,,Moov,,no,no,Linha Moov
Tecnoflex Ind.E Com. Do Mobiliario Para Escritorio - Quatro Barras,https://tecnoflex.com/,2026-01-26T12:22:26.711442+00:00,,Trellis,,no,no,Linha Trellis
Tecnoflex Ind.E Com. Do Mobiliario Para Escritorio - Quatro Barras,https://tecnoflex.com/,2026-01-26T12:22:26.711442+00:00,,Cavallete,,no,no,Linha Cavallete
Tecnoflex Ind.E Com. Do Mobiliario Para Escritorio - Quatro Barras,https://tecnoflex.com/,2026-01-26T12:22:26.711442+00:00,,Mesas Elevatórias,,no,no,Linha Mesas Elevatórias
Tecnoflex Ind.E Com. Do Mobiliario Para Escritorio - Quatro Barras,https://tecnoflex.com/,2026-01-26T12:22:26.711442+00:00,,Up,,no,no,Linha Up
Tecnoflex Ind.E Com. Do Mobiliario Para Escritorio - Quatro Barras,https://tecnoflex.com/,2026-01-26T12:22:26.711442+00:00,,Space Web,,no,no,Linha Space Web
Theoto S A - Ponta Grossa,https://theoto.ind.br/,2026-01-26T12:24:53.130454+00:00,,Assadeira 7L,,no,no,Assadeira 7L
Theoto S A - Ponta Grossa,https://theoto.ind.br/,2026-01-26T12:24:53.130454+00:00,,Espátula de Ayre – 1.000 Unid.,,no,no,Espátula de Ayre – 1.000 Unid.
Theoto S A - Ponta Grossa,https://theoto.ind.br/,2026-01-26T12:24:53.130454+00:00,,Espátula de Ayre – 100 Unid.,,no,no,Espátula de Ayre – 100 Unid.
Theoto S A - Ponta Grossa,https://theoto.ind.br/,2026-01-26T12:24:53.130454+00:00,,Espátula de depilação c/1000,,no,no,Espátula de depilação c/1000
Theoto S A - Ponta Grossa,https://theoto.ind.br/,2026-01-26T12:24:53.130454+00:00,,Espátula para Depilação – 25 Unid.,,no,no,Espátula para Depilação – 25 Unid.
Theoto S A - Ponta Grossa,https://theoto.ind.br/,2026-01-26T12:24:53.130454+00:00,,Faca Refeição- 25 unid.,,no,no,Faca Refeição- 25 unid.
Theoto S A - Ponta Grossa,https://theoto.ind.br/,2026-01-26T12:24:53.130454+00:00,,Faca Refeição- 250 unid.,,no,no,Faca Refeição- 250 unid.
Theoto S A - Ponta Grossa,https://theoto.ind.br/,2026-01-26T12:24:53.130454+00:00,,Mexedor de Café – 150 Unid.,,no,no,Mexedor de Café – 150 Unid.
Theoto S A - Ponta Grossa,https://theoto.ind.br/,2026-01-26T12:24:53.130454+00:00,,Mexedor de Café – 500 Unid.,,no,no,Mexedor de Café – 500 Unid.
Theoto S A - Ponta Grossa,https://theoto.ind.br/,2026-01-26T12:24:53.130454+00:00,,Mexedor de Café Cintado – 120×75 Unid.,,no,no,Mexedor de Café Cintado – 120×75 Unid.
Theoto S A - Ponta Grossa,https://theoto.ind.br/,2026-01-26T12:24:53.130454+00:00,,Mexedor de Café Embalado – 200 Unid.,,no,no,Mexedor de Café Embalado – 200 Unid.
Theoto S A - Ponta Grossa,https://theoto.ind.br/,2026-01-26T12:24:53.130454+00:00,,Mexedor para Drink – 150 Unid.,,no,no,Mexedor para Drink – 150 Unid.
Theoto S A - Ponta Grossa,https://theoto.ind.br/,2026-01-26T12:24:53.130454+00:00,,Paliteiro – 100 Unid.,,no,no,Paliteiro – 100 Unid.
Theoto S A - Ponta Grossa,https://theoto.ind.br/,2026-01-26T12:24:53.130454+00:00,,Paliteiro – 200 Unid.,,no,no,Paliteiro – 200 Unid.
Theoto S A - Ponta Grossa,https://theoto.ind.br/,2026-01-26T12:24:53.130454+00:00,,Paliteiro – 5.000 Unid.,,no,no,Paliteiro – 5.000 Unid.
