,nm_empresa,website_url,query,status,message_pt,attempts,name,dimensions_raw,price_raw,url,length_mm,width_mm,thickness_mm,price_value,currency,volume_m3,price_per_m3
0,Alianda Pisos E Azulejos Ltda - Criciuma,https://www.alianda.com.br,painel pinus,NOT_FOUND,Nao foram encontrados itens de 'painel pinus' (ou equivalentes) com dimensoes no nome neste site.,['painel pinus'],,,,,,,,,,,
1,Agroter Materiais De Construcao E Ferragens Ltda - Chapeco,https://www.agroter.com.br/,painel pinus,NOT_FOUND,Nao foram encontrados itens de 'painel pinus' (ou equivalentes) com dimensoes no nome neste site.,['painel pinus'],,,,,,,,,,,
2,Adonai Estofados - Timbo,https://www.adonaiestofados.com.br/,painel pinus,NOT_FOUND,Nao foram encontrados itens de 'painel pinus' (ou equivalentes) com dimensoes no nome neste site.,['painel pinus'],,,,,,,,,,,
3,Decoros - Sao Bento do Sul,https://www.decoros.com.br,painel pinus,NOT_FOUND,Nao foram encontrados itens de 'painel pinus' (ou equivalentes) com dimensoes no nome neste site.,['painel pinus'],,,,,,,,,,,
4,Acimel Comercio De Revestimentos E Construcoes Ltda - Blumenau,https://www.acimel.com.br,painel pinus,NOT_FOUND,Nao foram encontrados itens de 'painel pinus' (ou equivalentes) com dimensoes no nome neste site.,['painel pinus'],,,,,,,,,,,
5,Acasel Acabamento E Seguranca Ltda - Chapeco,https://acasel.com.br/,painel pinus,NOT_FOUND,Nao foram encontrados itens de 'painel pinus' (ou equivalentes) com dimensoes no nome neste site.,['painel pinus'],,,,,,,,,,,
6,Clagil Agro Pecuaria E Representacoes - Matos Costa,https://clagil.com.br/,painel pinus,NOT_FOUND,Nao foram encontrados itens de 'painel pinus' (ou equivalentes) com dimensoes no nome neste site.,['painel pinus'],,,,,,,,,,,
7,Aster Distribuicao - Sao Jose,https://asterdistribuidora.com.br/,painel pinus,NOT_FOUND,Nao foram encontrados itens de 'painel pinus' (ou equivalentes) com dimensoes no nome neste site.,['painel pinus'],,,,,,,,,,,
8,Acqua Brasil Ltda - Itajai,https://aquabrasil.com.br/,painel pinus,NOT_FOUND,Nao foram encontrados itens de 'painel pinus' (ou equivalentes) com dimensoes no nome neste site.,['painel pinus'],,,,,,,,,,,
9,Moveis Alvin - Sao Bento do Sul,https://www.moveisalvin.com.br/,painel pinus,NOT_FOUND,Nao foram encontrados itens de 'painel pinus' (ou equivalentes) com dimensoes no nome neste site.,['painel pinus'],,,,,,,,,,,
10,Balaroti Balneario Camboriu - Balneario Camboriu,https://www.balaroti.com.br/,painel pinus,FOUND,Itens encontrados.,['painel pinus'],"Painel Ripado Super WPC Ecovale Marrom RP1 1,5x10x285cm","1,5x10x285cm","R$ 121,90",/painel-ripado-super-wpc-ecovale-marrom-rp1-1-5x10x285cm,15.0,10.0,,121.9,BRL,,
11,Balaroti Balneario Camboriu - Balneario Camboriu,https://www.balaroti.com.br/,painel pinus,FOUND,Itens encontrados.,['painel pinus'],"Painel Ripado Super WPC Ecovale Mel RP1 1,5x10x285cm","1,5x10x285cm","R$ 121,90",/painel-ripado-super-wpc-ecovale-mel-rp1-1-5x10x285cm,15.0,10.0,,121.9,BRL,,
12,Bonato Materiais De Construcao Ltda - Joacaba,https://www.bonato.com.br/,painel pinus,NOT_FOUND,Nao foram encontrados itens de 'painel pinus' (ou equivalentes) com dimensoes no nome neste site.,['painel pinus'],,,,,,,,,,,
13,Casa Do Mdf E Ferragens Comercial Ltda - Joinville,https://www.casadomdf.com.br/,painel pinus,NOT_FOUND,Nao foram encontrados itens de 'painel pinus' (ou equivalentes) com dimensoes no nome neste site.,['painel pinus'],,,,,,,,,,,
14,Bonato Prime Ltda - Joacaba,https://www.bonatoprime.com.br/,painel pinus,NOT_FOUND,Nao foram encontrados itens de 'painel pinus' (ou equivalentes) com dimensoes no nome neste site.,['painel pinus'],,,,,,,,,,,
15,Casas Do Cano Ltda - Florianopolis,https://www.casasdocano.com.br/,painel pinus,NOT_FOUND,Nao foram encontrados itens de 'painel pinus' (ou equivalentes) com dimensoes no nome neste site.,['painel pinus'],,,,,,,,,,,
16,Brudine - Palhoca,https://brudine.com.br,painel pinus,NOT_FOUND,Nao foram encontrados itens de 'painel pinus' (ou equivalentes) com dimensoes no nome neste site.,['painel pinus'],,,,,,,,,,,
17,Cassol Centerlar - Itajai,https://www.cassol.com.br/,painel pinus,NOT_FOUND,Nao foram encontrados itens de 'painel pinus' (ou equivalentes) com dimensoes no nome neste site.,['painel pinus'],,,,,,,,,,,
18,Bortolato Material Para Construcao Ltda - Navegantes,https://bortolato.com.br/,painel pinus,NOT_FOUND,Nao foram encontrados itens de 'painel pinus' (ou equivalentes) com dimensoes no nome neste site.,['painel pinus'],,,,,,,,,,,
19,Comach Compensados - Gravatal,https://www.comach.com.br/,painel pinus,NOT_FOUND,Nao foram encontrados itens de 'painel pinus' (ou equivalentes) com dimensoes no nome neste site.,['painel pinus'],,,,,,,,,,,
20,Cavilha - Rio do Sul,https://www.lojacavilha.com.br/,painel pinus,NOT_FOUND,Nao foram encontrados itens de 'painel pinus' (ou equivalentes) com dimensoes no nome neste site.,['painel pinus'],,,,,,,,,,,
21,Casavee Home Decor - Rio Negrinho,https://www.casavee.com.br/,painel pinus,NOT_FOUND,Nao foram encontrados itens de 'painel pinus' (ou equivalentes) com dimensoes no nome neste site.,['painel pinus'],,,,,,,,,,,
22,Casa Pedroso Materiais Para Construcao Ltda - Navegantes,https://casapedroso.com.br/,painel pinus,NOT_FOUND,Nao foram encontrados itens de 'painel pinus' (ou equivalentes) com dimensoes no nome neste site.,['painel pinus'],,,,,,,,,,,
23,Behling Lumber Importacao E Exportacao De Madeiras Ltda - Itajai,https://www.behling.ind.br,painel pinus,NOT_FOUND,Nao foram encontrados itens de 'painel pinus' (ou equivalentes) com dimensoes no nome neste site.,"['painel pinus', 'painel de madeira pinus']",,,,,,,,,,,
24,Ativa - Sao Bento do Sul,https://ativamoveis.com.br,painel pinus,NOT_FOUND,Nao foram encontrados itens de 'painel pinus' (ou equivalentes) com dimensoes no nome neste site.,[],,,,,,,,,,,
25,Comercial Girardi - Chapeco,https://www.girardionline.com.br,painel pinus,NOT_FOUND,Nao foram encontrados itens de 'painel pinus' (ou equivalentes) com dimensoes no nome neste site.,['painel pinus'],,,,,,,,,,,
26,Cia Do Estofado - Mondai,https://www.ciadoestofado.ind.br,painel pinus,NOT_FOUND,Nao foram encontrados itens de 'painel pinus' (ou equivalentes) com dimensoes no nome neste site.,['painel pinus'],,,,,,,,,,,
27,Comercio De Materiais Para Construcao Joli Ltda - Itajai,https://www.joli.com.br/,painel pinus,FOUND,Itens encontrados.,['painel pinus'],Painel Pinus 1200x200x18mm Massol,1200x200x18mm,"R$ 25,99",/painel-pinus-1200x200x18mm-massol/p,1200.0,200.0,18.0,25.99,BRL,0.00432,6016.2037037037035
28,Comercio De Materiais Para Construcao Joli Ltda - Itajai,https://www.joli.com.br/,painel pinus,FOUND,Itens encontrados.,['painel pinus'],Painel Pinus 900x300x18mm Massol,900x300x18mm,"R$ 35,99",/painel-pinus-900x300x18mm-massol/p,900.0,300.0,18.0,35.99,BRL,0.00486,7405.349794238684
29,Comercio De Material De Construcao Micar Ltda - Massaranduba,https://www.micarconstrucao.com.br/,painel pinus,NOT_FOUND,Nao foram encontrados itens de 'painel pinus' (ou equivalentes) com dimensoes no nome neste site.,['painel pinus'],,,,,,,,,,,
30,Covatti Acabamentos - Xanxere,https://www.covattiacabamentos.com.br/,painel pinus,NOT_FOUND,Nao foram encontrados itens de 'painel pinus' (ou equivalentes) com dimensoes no nome neste site.,['painel pinus'],,,,,,,,,,,
31,Compensados Fernandes - Blumenau,https://www.compensadosfernandes.com.br/,painel pinus,FOUND,Itens encontrados.,['painel pinus'],PAINEL MODULARE MADEIRA PINUS COM ACABAMENTO NATURAL - TRAMONTINA,1000x300x18mm,"R$ 109,36",/painel-modulare-madeira-pinus-com-acabamento-natural---tramontina/p,1000.0,300.0,18.0,109.36,BRL,0.0054,20251.85185185185
32,Compensados Fernandes - Blumenau,https://www.compensadosfernandes.com.br/,painel pinus,FOUND,Itens encontrados.,['painel pinus'],PAINEL MODULARE EM MADEIRA PINUS COM ACABAMENTO NATURAL - TRAMONTINA,1000x200x18mm,"R$ 40,07",/painel-modulare-em-madeira-pinus-com-acabamento-natural---tramontina/p,1000.0,200.0,18.0,40.07,BRL,0.0036,11130.555555555557
33,Compensados Fernandes - Blumenau,https://www.compensadosfernandes.com.br/,painel pinus,FOUND,Itens encontrados.,['painel pinus'],MDF CRU PINUS 6MM 185X275 - GUARARAPES,,"R$ 91,50",/mdf-cru-pinus-6mm-185x275---guararapes/p,,,,91.5,BRL,,
34,Compensados Fernandes - Blumenau,https://www.compensadosfernandes.com.br/,painel pinus,FOUND,Itens encontrados.,['painel pinus'],PAINEL MODULARE EM MADEIRA PINUS COM ACABAMENTO NATURAL - TRAMONTINA,1500x300x18mm,"R$ 109,36",/painel-modulare-madeira-pinus-com-acabamento-natural---tramontina/p,1500.0,300.0,18.0,109.36,BRL,0.0081,13501.234567901236
35,Compensados Fernandes - Blumenau,https://www.compensadosfernandes.com.br/,painel pinus,FOUND,Itens encontrados.,['painel pinus'],PAINEL MODULARE MADEIRA PINUS COM ACABAMENTO NATURAL - TRAMONTINA,1500x300x18mm,"R$ 109,36",/painel-modulare-madeira-pinus-com-acabamento-natural---tramontina/p,1500.0,300.0,18.0,109.36,BRL,0.0081,13501.234567901236
36,Compensados Fernandes - Blumenau,https://www.compensadosfernandes.com.br/,painel pinus,FOUND,Itens encontrados.,['painel pinus'],MDF CRU PINUS 6MM 185X275 - GUARARAPES,,"R$ 91,50",/mdf-cru-pinus-6mm-185x275---guararapes/p,,,,91.5,BRL,,
37,Compensados Fernandes - Blumenau,https://www.compensadosfernandes.com.br/,painel pinus,FOUND,Itens encontrados.,['painel pinus'],PAINEL MODULARE EM MADEIRA PINUS COM ACABAMENTO NATURAL - TRAMONTINA,,"R$ 40,07",/painel-modulare-em-madeira-pinus-com-acabamento-natural---tramontina/p,,,,40.07,BRL,,
38,Compensados Lages Ltda - Lages,https://www.cmarceneiro.com.br,painel pinus,NOT_FOUND,Nao foram encontrados itens de 'painel pinus' (ou equivalentes) com dimensoes no nome neste site.,['painel pinus'],,,,,,,,,,,
39,Madereira Beija Flor - Lages,https://www.beijaflormadeiras.com.br/,painel pinus,FOUND,Itens encontrados.,['painel pinus'],"Painel Pinus Sarrafeado 20mm x 1,20mts x 3,00mts","20mm x 1,20mts x 3,00mts","R$ 615,00",https://www.beijaflormadeiras.com.br/catalogsearch/result/index/?cat=&infinite=true&&q=painel+pinus,,,20.0,615.0,BRL,,
40,Madereira Beija Flor - Lages,https://www.beijaflormadeiras.com.br/,painel pinus,FOUND,Itens encontrados.,['painel pinus'],Painel Pinus Sarrafeado 30mm,30mm,"R$ 915,00",https://www.beijaflormadeiras.com.br/catalogsearch/result/index/?cat=&infinite=true&&q=painel+pinus,,,30.0,915.0,BRL,,
41,Madereira Beija Flor - Lages,https://www.beijaflormadeiras.com.br/,painel pinus,FOUND,Itens encontrados.,['painel pinus'],Compensado Pinus Naval 30mm,30mm,"R$ 396,60",https://www.beijaflormadeiras.com.br/catalogsearch/result/index/?cat=&infinite=true&&q=painel+pinus,,,30.0,396.6,BRL,,
42,Madereira Beija Flor - Lages,https://www.beijaflormadeiras.com.br/,painel pinus,FOUND,Itens encontrados.,['painel pinus'],Painel Sarrafeado de Pinus 35mm,35mm,"R$ 1.066,00",https://www.beijaflormadeiras.com.br/catalogsearch/result/index/?cat=&infinite=true&&q=painel+pinus,,,35.0,1066.0,BRL,,
43,Madereira Beija Flor - Lages,https://www.beijaflormadeiras.com.br/,painel pinus,FOUND,Itens encontrados.,['painel pinus'],Painel Sarrafeado Pinus 25mm,25mm,"R$ 766,50",https://www.beijaflormadeiras.com.br/catalogsearch/result/index/?cat=&infinite=true&&q=painel+pinus,,,25.0,766.5,BRL,,
44,Madereira Beija Flor - Lages,https://www.beijaflormadeiras.com.br/,painel pinus,FOUND,Itens encontrados.,['painel pinus'],Painel Sarrafeado Pinus 18mm,18mm,"R$ 584,50",https://www.beijaflormadeiras.com.br/catalogsearch/result/index/?cat=&infinite=true&&q=painel+pinus,,,18.0,584.5,BRL,,
45,Madereira Beija Flor - Lages,https://www.beijaflormadeiras.com.br/,painel pinus,FOUND,Itens encontrados.,['painel pinus'],Painel Pinus Sarrafeado 15mm,15mm,"R$ 491,90",https://www.beijaflormadeiras.com.br/catalogsearch/result/index/?cat=&infinite=true&&q=painel+pinus,,,15.0,491.9,BRL,,
46,Madereira Beija Flor - Lages,https://www.beijaflormadeiras.com.br/,painel pinus,FOUND,Itens encontrados.,['painel pinus'],Compensado Pinus Clear 25mm,25mm,"R$ 316,52",https://www.beijaflormadeiras.com.br/catalogsearch/result/index/?cat=&infinite=true&&q=painel+pinus,,,25.0,316.52,BRL,,
47,Madereira Beija Flor - Lages,https://www.beijaflormadeiras.com.br/,painel pinus,FOUND,Itens encontrados.,['painel pinus'],Compensado Pinus Clear 20mm,20mm,"R$ 253,50",https://www.beijaflormadeiras.com.br/catalogsearch/result/index/?cat=&infinite=true&&q=painel+pinus,,,20.0,253.5,BRL,,
48,Madereira Beija Flor - Lages,https://www.beijaflormadeiras.com.br/,painel pinus,FOUND,Itens encontrados.,['painel pinus'],Compensado Pinus Clear 18mm,18mm,"R$ 236,00",https://www.beijaflormadeiras.com.br/catalogsearch/result/index/?cat=&infinite=true&&q=painel+pinus,,,18.0,236.0,BRL,,
49,Madereira Beija Flor - Lages,https://www.beijaflormadeiras.com.br/,painel pinus,FOUND,Itens encontrados.,['painel pinus'],Compensado Pinus Clear 15mm,15mm,"R$ 200,45",https://www.beijaflormadeiras.com.br/catalogsearch/result/index/?cat=&infinite=true&&q=painel+pinus,,,15.0,200.45,BRL,,
50,Madereira Beija Flor - Lages,https://www.beijaflormadeiras.com.br/,painel pinus,FOUND,Itens encontrados.,['painel pinus'],Compensado Pinus Clear 10mm,10mm,"R$ 139,00",https://www.beijaflormadeiras.com.br/catalogsearch/result/index/?cat=&infinite=true&&q=painel+pinus,,,10.0,139.0,BRL,,
51,Madereira Beija Flor - Lages,https://www.beijaflormadeiras.com.br/,painel pinus,FOUND,Itens encontrados.,['painel pinus'],Compensado Pinus Clear 6mm,6mm,"R$ 112,00",https://www.beijaflormadeiras.com.br/catalogsearch/result/index/?cat=&infinite=true&&q=painel+pinus,,,6.0,112.0,BRL,,
52,Madereira Beija Flor - Lages,https://www.beijaflormadeiras.com.br/,painel pinus,FOUND,Itens encontrados.,['painel pinus'],Compensado Pinus Naval 25mm,25mm,"R$ 373,47",https://www.beijaflormadeiras.com.br/catalogsearch/result/index/?cat=&infinite=true&&q=painel+pinus,,,25.0,373.47,BRL,,
53,Madereira Beija Flor - Lages,https://www.beijaflormadeiras.com.br/,painel pinus,FOUND,Itens encontrados.,['painel pinus'],Compensado Pinus Naval 20mm,20mm,"R$ 310,75",https://www.beijaflormadeiras.com.br/catalogsearch/result/index/?cat=&infinite=true&&q=painel+pinus,,,20.0,310.75,BRL,,
54,Madereira Beija Flor - Lages,https://www.beijaflormadeiras.com.br/,painel pinus,FOUND,Itens encontrados.,['painel pinus'],Compensado Pinus Naval 18mm,18mm,"R$ 300,45",https://www.beijaflormadeiras.com.br/catalogsearch/result/index/?cat=&infinite=true&&q=painel+pinus,,,18.0,300.45,BRL,,
55,Madereira Beija Flor - Lages,https://www.beijaflormadeiras.com.br/,painel pinus,FOUND,Itens encontrados.,['painel pinus'],Compensado Naval Pinus 10mm,10mm,"R$ 160,83",https://www.beijaflormadeiras.com.br/catalogsearch/result/index/?cat=&infinite=true&&q=painel+pinus,,,10.0,160.83,BRL,,
56,Madereira Beija Flor - Lages,https://www.beijaflormadeiras.com.br/,painel pinus,FOUND,Itens encontrados.,['painel pinus'],Compensado Pinus Naval 6mm,6mm,"R$ 124,48",https://www.beijaflormadeiras.com.br/catalogsearch/result/index/?cat=&infinite=true&&q=painel+pinus,,,6.0,124.48,BRL,,
57,Madereira Beija Flor - Lages,https://www.beijaflormadeiras.com.br/,painel pinus,FOUND,Itens encontrados.,['painel pinus'],"Prateleira Pinus 1,00m Com Mão Francesa E Parafusos Completa","1,00m","R$ 51,80",https://www.beijaflormadeiras.com.br/catalogsearch/result/index/?cat=&infinite=true&&q=painel+pinus,,,,51.8,BRL,,
58,Madereira Beija Flor - Lages,https://www.beijaflormadeiras.com.br/,painel pinus,FOUND,Itens encontrados.,['painel pinus'],Compensado de pinus naval (220cm x 79cm x 25mm),220cm x 79cm x 25mm,"R$ 228,45",https://www.beijaflormadeiras.com.br/catalogsearch/result/index/?cat=&infinite=true&&q=painel+pinus,,,25.0,228.45,BRL,,
59,Madereira Beija Flor - Lages,https://www.beijaflormadeiras.com.br/,painel pinus,FOUND,Itens encontrados.,['painel pinus'],Compensado de pinus naval (220cm x 79cm x 20mm),220cm x 79cm x 20mm,"R$ 183,99",https://www.beijaflormadeiras.com.br/catalogsearch/result/index/?cat=&infinite=true&&q=painel+pinus,,,20.0,183.99,BRL,,
60,Madereira Beija Flor - Lages,https://www.beijaflormadeiras.com.br/,painel pinus,FOUND,Itens encontrados.,['painel pinus'],Compensado de pinus naval (220cm x 79cm x 18mm),220cm x 79cm x 18mm,"R$ 162,18",https://www.beijaflormadeiras.com.br/catalogsearch/result/index/?cat=&infinite=true&&q=painel+pinus,,,18.0,162.18,BRL,,
61,Madereira Beija Flor - Lages,https://www.beijaflormadeiras.com.br/,painel pinus,FOUND,Itens encontrados.,['painel pinus'],Compensado de pinus naval (220cm x 79cm x 15mm),220cm x 79cm x 15mm,"R$ 134,28",https://www.beijaflormadeiras.com.br/catalogsearch/result/index/?cat=&infinite=true&&q=painel+pinus,,,15.0,134.28,BRL,,
62,Madereira Beija Flor - Lages,https://www.beijaflormadeiras.com.br/,painel pinus,FOUND,Itens encontrados.,['painel pinus'],Compensado de pinus naval (220cm x 79cm x 10mm),220cm x 79cm x 10mm,"R$ 97,66",https://www.beijaflormadeiras.com.br/catalogsearch/result/index/?cat=&infinite=true&&q=painel+pinus,,,10.0,97.66,BRL,,
63,Madereira Beija Flor - Lages,https://www.beijaflormadeiras.com.br/,painel pinus,FOUND,Itens encontrados.,['painel pinus'],Compensado de pinus naval (220cm x 79cm x 6mm),220cm x 79cm x 6mm,"R$ 72,38",https://www.beijaflormadeiras.com.br/catalogsearch/result/index/?cat=&infinite=true&&q=painel+pinus,,,6.0,72.38,BRL,,
64,Madereira Beija Flor - Lages,https://www.beijaflormadeiras.com.br/,painel pinus,FOUND,Itens encontrados.,['painel pinus'],Compensado de pinus naval (220cm x 39cm x 25mm),220cm x 39cm x 25mm,"R$ 114,23",https://www.beijaflormadeiras.com.br/catalogsearch/result/index/?cat=&infinite=true&&q=painel+pinus,,,25.0,114.23,BRL,,
65,Madereira Beija Flor - Lages,https://www.beijaflormadeiras.com.br/,painel pinus,FOUND,Itens encontrados.,['painel pinus'],"Kit 2 Chapas Resinado 6mm 2,20x1,10m Madeira Para Construção","6mm 2,20x1,10m","R$ 69,32",https://www.beijaflormadeiras.com.br/catalogsearch/result/index/?cat=&infinite=true&&q=painel+pinus,220.0,110.0,6.0,69.32,BRL,0.0001452,477410.4683195592
66,Madereira Beija Flor - Lages,https://www.beijaflormadeiras.com.br/,painel pinus,FOUND,Itens encontrados.,['painel pinus'],Chapa OSB 2.20x1.22x8mm (Multplac) (Pro),2.20x1.22x8mm,"R$ 51,00",https://www.beijaflormadeiras.com.br/catalogsearch/result/index/?cat=&infinite=true&&q=painel+pinus,220.0,122.0,8.0,51.0,BRL,0.00021472,237518.62891207152
67,Madereira Beija Flor - Lages,https://www.beijaflormadeiras.com.br/,painel pinus,FOUND,Itens encontrados.,['painel pinus'],Chapa Placa Mdf 3mm (50cm X 50cm) 10peças (claro),3mm (50cm X 50cm),"R$ 52,32",https://www.beijaflormadeiras.com.br/catalogsearch/result/index/?cat=&infinite=true&&q=painel+pinus,,,3.0,52.32,BRL,,
68,Madereira Beija Flor - Lages,https://www.beijaflormadeiras.com.br/,painel pinus,FOUND,Itens encontrados.,['painel pinus'],Chapa Placa Mdf 3mm (40cm X 40cm) 18peças (claro),3mm (40cm X 40cm),"R$ 52,32",https://www.beijaflormadeiras.com.br/catalogsearch/result/index/?cat=&infinite=true&&q=painel+pinus,,,3.0,52.32,BRL,,
69,Madereira Beija Flor - Lages,https://www.beijaflormadeiras.com.br/,painel pinus,FOUND,Itens encontrados.,['painel pinus'],Chapa Placa Mdf 3mm (42cm X 30cm) 24peças (claro),3mm (42cm X 30cm),"R$ 52,32",https://www.beijaflormadeiras.com.br/catalogsearch/result/index/?cat=&infinite=true&&q=painel+pinus,,,3.0,52.32,BRL,,
70,Madereira Beija Flor - Lages,https://www.beijaflormadeiras.com.br/,painel pinus,FOUND,Itens encontrados.,['painel pinus'],Chapa Placa Mdf 3mm (30cm X 20cm) 52peças (claro),3mm (30cm X 20cm),"R$ 52,32",https://www.beijaflormadeiras.com.br/catalogsearch/result/index/?cat=&infinite=true&&q=painel+pinus,,,3.0,52.32,BRL,,
71,Madereira Beija Flor - Lages,https://www.beijaflormadeiras.com.br/,painel pinus,FOUND,Itens encontrados.,['painel pinus'],Chapa Placa Mdf 3mm (35cm X 25cm) 34peças (claro),3mm (35cm X 25cm),"R$ 52,32",https://www.beijaflormadeiras.com.br/catalogsearch/result/index/?cat=&infinite=true&&q=painel+pinus,,,3.0,52.32,BRL,,
72,Madereira Beija Flor - Lages,https://www.beijaflormadeiras.com.br/,painel pinus,FOUND,Itens encontrados.,['painel pinus'],"Chapa Placa Mdf 3mm (29,7cm X 21cm) 48peças A4 (claro)","3mm (29,7cm X 21cm)","R$ 52,32",https://www.beijaflormadeiras.com.br/catalogsearch/result/index/?cat=&infinite=true&&q=painel+pinus,,,3.0,52.32,BRL,,
73,Madereira Beija Flor - Lages,https://www.beijaflormadeiras.com.br/,painel pinus,FOUND,Itens encontrados.,['painel pinus'],Chapa Placa Mdf 3mm (28cm X 20cm) 52peças (claro),3mm (28cm X 20cm),"R$ 52,32",https://www.beijaflormadeiras.com.br/catalogsearch/result/index/?cat=&infinite=true&&q=painel+pinus,,,3.0,52.32,BRL,,
74,Madereira Beija Flor - Lages,https://www.beijaflormadeiras.com.br/,painel pinus,FOUND,Itens encontrados.,['painel pinus'],Chapa Placa Mdf 3mm (27cm X 18cm) 60pcs (claro),3mm (27cm X 18cm),"R$ 52,32",https://www.beijaflormadeiras.com.br/catalogsearch/result/index/?cat=&infinite=true&&q=painel+pinus,,,3.0,52.32,BRL,,
75,Madereira Beija Flor - Lages,https://www.beijaflormadeiras.com.br/,painel pinus,FOUND,Itens encontrados.,['painel pinus'],Chapa Placa Mdf 3mm (15cm X 10cm) 99pcs (claro),3mm (15cm X 10cm),"R$ 52,32",https://www.beijaflormadeiras.com.br/catalogsearch/result/index/?cat=&infinite=true&&q=painel+pinus,,,3.0,52.32,BRL,,
76,Casas Da Agua - Itajai,https://www.casasdaagua.com.br/,painel pinus,NOT_FOUND,Nao foram encontrados itens de 'painel pinus' (ou equivalentes) com dimensoes no nome neste site.,['painel pinus'],,,,,,,,,,,
77,Copalux - Ituporanga,https://www.copalux.com.br,painel pinus,NOT_FOUND,Nao foram encontrados itens de 'painel pinus' (ou equivalentes) com dimensoes no nome neste site.,['painel pinus'],,,,,,,,,,,
78,Cristalvel Industria E Comercio De Utilidades Domesticas Ltda - Lages,https://www.cristalvel.com.br,painel pinus,NOT_FOUND,Nao foram encontrados itens de 'painel pinus' (ou equivalentes) com dimensoes no nome neste site.,['painel pinus'],,,,,,,,,,,
79,Elevato Materiais De Construcao E Decoracao Ltda - Palhoca,https://www.elevato.com.br,painel pinus,NOT_FOUND,Nao foram encontrados itens de 'painel pinus' (ou equivalentes) com dimensoes no nome neste site.,['painel pinus'],,,,,,,,,,,
80,Ebert Comercio De Materiais De Construcao Ltda - Indaial,https://ebert.com.br/,painel pinus,NOT_FOUND,Nao foram encontrados itens de 'painel pinus' (ou equivalentes) com dimensoes no nome neste site.,['painel pinus'],,,,,,,,,,,
81,Construcon Materiais De Construcao Ltda - Blumenau,https://construcon.com.br/,painel pinus,NOT_FOUND,Nao foram encontrados itens de 'painel pinus' (ou equivalentes) com dimensoes no nome neste site.,['painel pinus'],,,,,,,,,,,
82,Dismaff Atacadista - Chapeco,http://dismaff.com.br,painel pinus,NOT_FOUND,Nao foram encontrados itens de 'painel pinus' (ou equivalentes) com dimensoes no nome neste site.,['painel pinus'],,,,,,,,,,,
83,Dietrich Material De Construcao Ltda - Gaspar,https://dietrichmc.com.br/,painel pinus,NOT_FOUND,Nao foram encontrados itens de 'painel pinus' (ou equivalentes) com dimensoes no nome neste site.,['painel pinus'],,,,,,,,,,,
84,Lojas Enele Sofas E Planejados - Sao Lourenco do Oeste,https://lojasenele.com.br/,painel pinus,NOT_FOUND,Nao foram encontrados itens de 'painel pinus' (ou equivalentes) com dimensoes no nome neste site.,['painel pinus'],,,,,,,,,,,
85,Comercial Carlessi Ltda - Turvo,https://www.comercialcarlessi.com.br,painel pinus,NOT_FOUND,Nao foram encontrados itens de 'painel pinus' (ou equivalentes) com dimensoes no nome neste site.,['painel pinus'],,,,,,,,,,,
86,Estofama Estofados E Colchoes - Arroio Trinta,https://estofama.com.br/,painel pinus,NOT_FOUND,Nao foram encontrados itens de 'painel pinus' (ou equivalentes) com dimensoes no nome neste site.,['painel pinus'],,,,,,,,,,,
87,Ergo-Mobili Industria E Comercio De Moveis Ltda - Biguacu,https://ergomobili.com.br/,painel pinus,NOT_FOUND,Nao foram encontrados itens de 'painel pinus' (ou equivalentes) com dimensoes no nome neste site.,['painel pinus'],,,,,,,,,,,
88,Mundo Da Construcao - Sideropolis,https://www.mundodaconstrucao.com.br/,painel pinus,NOT_FOUND,Nao foram encontrados itens de 'painel pinus' (ou equivalentes) com dimensoes no nome neste site.,['painel pinus'],,,,,,,,,,,
89,Gmad Chapecomp Suprimentos Para Moveis Ltda - Chapeco,https://www.gmad.com.br,painel pinus,NOT_FOUND,Nao foram encontrados itens de 'painel pinus' (ou equivalentes) com dimensoes no nome neste site.,"['painel pinus', 'painel pinus']",,,,,,,,,,,
90,Gmad Madville Madeiras E Ferragens Ltda - Joinville,https://www.gmad.com.br/,painel pinus,NOT_FOUND,Nao foram encontrados itens de 'painel pinus' (ou equivalentes) com dimensoes no nome neste site.,['painel pinus'],,,,,,,,,,,
91,Green Revestimentos Ltda - Sao Lourenco do Oeste,https://www.greenrevestimentos.com.br/,painel pinus,FOUND,Itens encontrados.,['painel pinus'],Bering,,"R$ 25,00",,,,,25.0,BRL,,
92,Fischer Empreendimentos E Incorporadora Ltda. - Brusque,https://www.fischer.com.br,painel pinus,ERROR,Erro 403 Forbidden: O acesso ao site foi negado.,[],,,,,,,,,,,
93,Figueredo Constrular - Garopaba,https://figueredoconstrular.com.br/,painel pinus,NOT_FOUND,Nao foram encontrados itens de 'painel pinus' (ou equivalentes) com dimensoes no nome neste site.,['painel pinus'],,,,,,,,,,,
94,Herbert Materiais Para Construcao Ltda - Porto Uniao,www.herbertmateriais.com.br,painel pinus,NOT_FOUND,Nao foram encontrados itens de 'painel pinus' (ou equivalentes) com dimensoes no nome neste site.,['painel pinus'],,,,,,,,,,,
95,Estilo Artefatos De Madeiras Ltda - Sao Cristovao do Sul,https://estiloartefatos.com.br/,painel pinus,NOT_FOUND,Nao foram encontrados itens de 'painel pinus' (ou equivalentes) com dimensoes no nome neste site.,['painel pinus'],,,,,,,,,,,
96,Uniao Guarezi Materiais De Construcao - Sao Jose,http://uniaoguarezi.com.br/,painel pinus,NOT_FOUND,Nao foram encontrados itens de 'painel pinus' (ou equivalentes) com dimensoes no nome neste site.,['painel pinus'],,,,,,,,,,,
97,Dacla Comercio De Materiais De Construcao Ltda - Sao Jose,https://dacla.com.br/,painel pinus,NOT_FOUND,Nao foram encontrados itens de 'painel pinus' (ou equivalentes) com dimensoes no nome neste site.,[],,,,,,,,,,,
98,Jjc E-Commerce - Itajai,https://jjcferramentas.com.br/,painel pinus,NOT_FOUND,Nao foram encontrados itens de 'painel pinus' (ou equivalentes) com dimensoes no nome neste site.,['painel pinus'],,,,,,,,,,,
99,Industria E Comercio De Moveis Henn Ltda - Mondai,https://henn.com.br/pt,painel pinus,NOT_FOUND,Nao foram encontrados itens de 'painel pinus' (ou equivalentes) com dimensoes no nome neste site.,['painel pinus'],,,,,,,,,,,
100,Jhs Materiais De Construcao Ltda. - Pouso Redondo,https://www.casajhs.com.br/,painel pinus,NOT_FOUND,Nao foram encontrados itens de 'painel pinus' (ou equivalentes) com dimensoes no nome neste site.,['painel pinus'],,,,,,,,,,,
101,Hinke Fabricacao De Moveis Ltda - Sao Bento do Sul,https://www.irmaoshinke.com.br/,painel pinus,NOT_FOUND,Nao foram encontrados itens de 'painel pinus' (ou equivalentes) com dimensoes no nome neste site.,['painel pinus'],,,,,,,,,,,
102,Kleiner Schein Industria De Moveis E Decoracoes Ltda - Tubarao,https://www.kleiner.com.br/,painel pinus,FOUND,Itens encontrados.,['painel pinus'],Painel Classico Bege para Sala de Jantar,,"R$4.706,00",https://www.kleiner.com.br/painel-benito-m-fendi-nouveau,,,,4706.0,BRL,,
103,Kleiner Schein Industria De Moveis E Decoracoes Ltda - Tubarao,https://www.kleiner.com.br/,painel pinus,FOUND,Itens encontrados.,['painel pinus'],Painel Classico Branco para Sala de Jantar,L160 x P15 x A141cm,"R$5.412,00",https://www.kleiner.com.br/painel-benito-g-l160-x-p15-x-a141cm-branco,160.0,15.0,,5412.0,BRL,,
104,Kleiner Schein Industria De Moveis E Decoracoes Ltda - Tubarao,https://www.kleiner.com.br/,painel pinus,FOUND,Itens encontrados.,['painel pinus'],Painel Para Eventos,90x90,"R$538,00",,90.0,90.0,,538.0,BRL,,
105,Kleiner Schein Industria De Moveis E Decoracoes Ltda - Tubarao,https://www.kleiner.com.br/,painel pinus,FOUND,Itens encontrados.,['painel pinus'],Mesa de Centro Metrópole Quadrada - Mel Pinus,,"R$2.710,00",https://www.kleiner.com.br/mesa-de-centro-metropole-quadrada-mel-pinus,,,,2710.0,BRL,,
106,Kleiner Schein Industria De Moveis E Decoracoes Ltda - Tubarao,https://www.kleiner.com.br/,painel pinus,FOUND,Itens encontrados.,['painel pinus'],Mesa Redonda Arina G - Mel Pinus,,"R$11.580,00 R$9.264,00",https://www.kleiner.com.br/mesa-redonda-arina-g-mel-pinus,,,,11580.0,BRL,,
107,Kleiner Schein Industria De Moveis E Decoracoes Ltda - Tubarao,https://www.kleiner.com.br/,painel pinus,FOUND,Itens encontrados.,['painel pinus'],Mesa Bistro Zinia - Mel Pinus,,"R$3.696,00 R$3.324,00",https://www.kleiner.com.br/mesa-bistro-zinia-mel-pinus,,,,3696.0,BRL,,
108,Kleiner Schein Industria De Moveis E Decoracoes Ltda - Tubarao,https://www.kleiner.com.br/,painel pinus,FOUND,Itens encontrados.,['painel pinus'],Castiçal Bola Favo - mel pinus,,"R$507,00",https://www.kleiner.com.br/castical-bola-favo-mel-pinus,,,,507.0,BRL,,
109,Kleiner Schein Industria De Moveis E Decoracoes Ltda - Tubarao,https://www.kleiner.com.br/,painel pinus,FOUND,Itens encontrados.,['painel pinus'],Mesa de Jantar Orgânica Village - Mel Pinus,,"R$18.926,00",https://www.kleiner.com.br/mesa-de-jantar-organica-village-mel-pinus,,,,18926.0,BRL,,
110,Kleiner Schein Industria De Moveis E Decoracoes Ltda - Tubarao,https://www.kleiner.com.br/,painel pinus,FOUND,Itens encontrados.,['painel pinus'],Mesa de Jantar Redonda Portofino M - Mel Pinus,,"R$8.940,00",https://www.kleiner.com.br/mesa-de-jantar-redonda-portofino-m-mel-pinus,,,,8940.0,BRL,,
111,Kleiner Schein Industria De Moveis E Decoracoes Ltda - Tubarao,https://www.kleiner.com.br/,painel pinus,FOUND,Itens encontrados.,['painel pinus'],Mesa de Centro Zuli - Mel Pinus,,"R$2.675,00",https://www.kleiner.com.br/mesa-de-centro-zuli-mel-pinus,,,,2675.0,BRL,,
112,Kleiner Schein Industria De Moveis E Decoracoes Ltda - Tubarao,https://www.kleiner.com.br/,painel pinus,FOUND,Itens encontrados.,['painel pinus'],Mesa De Centro Palm G - Mel Pinus,,"R$3.484,00",https://www.kleiner.com.br/mesa-de-centro-palm-g-mel-pinus,,,,3484.0,BRL,,
113,Kleiner Schein Industria De Moveis E Decoracoes Ltda - Tubarao,https://www.kleiner.com.br/,painel pinus,FOUND,Itens encontrados.,['painel pinus'],Lixeira Metrópole M - Mel Pinus,,"R$3.891,00",https://www.kleiner.com.br/lixeira-metropole-m-mel-pinus,,,,3891.0,BRL,,
114,Kleiner Schein Industria De Moveis E Decoracoes Ltda - Tubarao,https://www.kleiner.com.br/,painel pinus,FOUND,Itens encontrados.,['painel pinus'],Mesa Redonda Arina P - Mel Pinus,,"R$8.704,00 R$7.587,00",https://www.kleiner.com.br/mesa-redonda-arina-p-mel-pinus,,,,8704.0,BRL,,
115,Kleiner Schein Industria De Moveis E Decoracoes Ltda - Tubarao,https://www.kleiner.com.br/,painel pinus,FOUND,Itens encontrados.,['painel pinus'],Banqueta New Paris com Assento Estofado e Encosto em Palha - Mel Pinus,,"R$2.391,00",https://www.kleiner.com.br/banqueta-new-paris-com-assento-estofado-e-encosto-em-palha-mel-pinus,,,,2391.0,BRL,,
116,Kleiner Schein Industria De Moveis E Decoracoes Ltda - Tubarao,https://www.kleiner.com.br/,painel pinus,FOUND,Itens encontrados.,['painel pinus'],Mesa Lateral Palm P - mel pinus,,"R$2.511,00 R$2.259,00",https://www.kleiner.com.br/mesa-lateral-palm-p-mel-pinus,,,,2511.0,BRL,,
117,Kleiner Schein Industria De Moveis E Decoracoes Ltda - Tubarao,https://www.kleiner.com.br/,painel pinus,FOUND,Itens encontrados.,['painel pinus'],Mesa de Centro Palm M,O90cm,"R$3.031,00",https://www.kleiner.com.br/mesa-de-centro-palm-m-o90cm-mel-pinus,,,,3031.0,BRL,,
118,Atacado Da Construcao E Telhas Litoral - Garuva,https://www.atacadaodastelhas.com.br,painel pinus,NOT_FOUND,Nao foram encontrados itens de 'painel pinus' (ou equivalentes) com dimensoes no nome neste site.,['painel pinus'],,,,,,,,,,,
119,Industria E Comercio De Moveis Parpinelli Ltda - Anchieta,https://www.moveisparpinelli.com.br/,painel pinus,NOT_FOUND,Nao foram encontrados itens de 'painel pinus' (ou equivalentes) com dimensoes no nome neste site.,['painel pinus'],,,,,,,,,,,
120,Julycasa Materiais De Construcao Ltda - Indaial,https://www.julycasa.com.br,painel pinus,NOT_FOUND,Nao foram encontrados itens de 'painel pinus' (ou equivalentes) com dimensoes no nome neste site.,['painel pinus'],,,,,,,,,,,
121,Lojas Fricke Ltda. - Itajai,https://www.loja.fricke.com.br/,painel pinus,FOUND,Itens encontrados.,['painel pinus'],maq inv eletr/tig dc joy 132 (220v) 30179526 balmer,,"571,90 à  vista com  desconto PIX",https://www.loja.fricke.com.br/ferramentas/maquinas-de-solda-e-acessorios/maq-inversora-eletrtig-dc-joy-132-220v-30179526-acofer1,,,,571.9,,,
122,Lojas Fricke Ltda. - Itajai,https://www.loja.fricke.com.br/,painel pinus,FOUND,Itens encontrados.,['painel pinus'],maq inv tig dc joy 133 dv 10-130a 127/220v mf 30179536,,"725,04 à  vista com  desconto PIX",https://www.loja.fricke.com.br/ferramentas/maquinas-de-solda-e-acessorios/maquina-inversora-joy-133-dv,,,,725.04,,,
123,Lojas Fricke Ltda. - Itajai,https://www.loja.fricke.com.br/,painel pinus,FOUND,Itens encontrados.,['painel pinus'],inversora corte plasma joy cut42 (220v)mono 30055609 balmer?,,"3.648,95 à  vista com  desconto PIX",https://www.loja.fricke.com.br/ferramentas/maquinas-de-solda-e-acessorios/inversora-corte-plasma-joy-cut-42-220v-monof-30055609,,,,3648.95,,,
124,Lojas Fricke Ltda. - Itajai,https://www.loja.fricke.com.br/,painel pinus,FOUND,Itens encontrados.,['painel pinus'],maquina inv mma/tig joy 163 dv 127/220v mf 30179540,,"839,80 à  vista com  desconto PIX",https://www.loja.fricke.com.br/ferramentas/maquinas-de-solda-e-acessorios/maquina-inv-mmatig-joy-163-dv-127220v-mf-30179540,,,,839.8,,,
125,Luciano Laminas - Sao Jose,https://lucianolaminasloja.com.br/,painel pinus,NOT_FOUND,Nao foram encontrados itens de 'painel pinus' (ou equivalentes) com dimensoes no nome neste site.,['painel pinus'],,,,,,,,,,,
126,Jzago Materiais De Construcao - Lages,https://www.jzago.com.br,painel pinus,NOT_FOUND,Nao foram encontrados itens de 'painel pinus' (ou equivalentes) com dimensoes no nome neste site.,['painel pinus'],,,,,,,,,,,
127,Luhrs Industria E Comercio De Produtos Metalurgicos Ltda - Cacador,https://luhrs.com.br/,painel pinus,NOT_FOUND,Nao foram encontrados itens de 'painel pinus' (ou equivalentes) com dimensoes no nome neste site.,['painel pinus'],,,,,,,,,,,
128,Leroy Merlin Companhia Brasileira De Bricolagem - Florianopolis,https://www.leroymerlin.com.br/,painel pinus,NOT_FOUND,Nao foram encontrados itens de 'painel pinus' (ou equivalentes) com dimensoes no nome neste site.,['painel pinus'],,,,,,,,,,,
129,Idimex Do Brasil Industria E Comercio De Moveis Ltda - Mafra,https://www.idimex.com.br/,painel pinus,NOT_FOUND,Nao foram encontrados itens de 'painel pinus' (ou equivalentes) com dimensoes no nome neste site.,[],,,,,,,,,,,
130,Rotta Moveis - Cacador,https://rottamoveis.com.br,painel pinus,NOT_FOUND,Nao foram encontrados itens de 'painel pinus' (ou equivalentes) com dimensoes no nome neste site.,['painel pinus'],,,,,,,,,,,
131,Milium Tem De Tudo - Balneario Camboriu,https://www.milium.com.br/,painel pinus,NOT_FOUND,Nao foram encontrados itens de 'painel pinus' (ou equivalentes) com dimensoes no nome neste site.,['painel pinus'],,,,,,,,,,,
132,Exclusiva Piscinas Chapeco - Chapeco,http://www.exclusivapiscinas.com.br/,painel pinus,NOT_FOUND,Nao foram encontrados itens de 'painel pinus' (ou equivalentes) com dimensoes no nome neste site.,['painel pinus'],,,,,,,,,,,
133,Materiais De Construcao America Do Sol Ltda - Blumenau,https://www.americadosolmateriais.com.br/,painel pinus,NOT_FOUND,Nao foram encontrados itens de 'painel pinus' (ou equivalentes) com dimensoes no nome neste site.,['painel pinus'],,,,,,,,,,,
134,Maxima Mdf - Balneario Camboriu,https://www.madeiromdf.com.br/,painel pinus,FOUND,Itens encontrados.,['painel pinus'],PAINEL TASCHIBRA LED 24W 3000K QUADRADO SOPREPOR,285x285x28,"R$ 109,78",http://www.madeiromdf.com.br/painel-taschibra-led-24w-3000k-quadrado-soprepor-5449,285.0,285.0,,109.78,BRL,,
135,Maxima Mdf - Balneario Camboriu,https://www.madeiromdf.com.br/,painel pinus,FOUND,Itens encontrados.,['painel pinus'],Painel Lateral de Aço Inox 500mm x 64mm Hafele,500mm x 64mm,"R$ 70,80",http://www.madeiromdf.com.br/painel-lateral-de-aco-inox-500mm-x-64mm-hafele-8373,,,500.0,70.8,BRL,,
136,Maxima Mdf - Balneario Camboriu,https://www.madeiromdf.com.br/,painel pinus,FOUND,Itens encontrados.,['painel pinus'],PAINEL TASCHIBRA LED 18W 3000K QUADRADO SOBREPOR,285x285x28,"R$ 49,41",http://www.madeiromdf.com.br/painel-taschibra-led-18w-3000k-quadrado-sobrepor-5448,285.0,285.0,,49.41,BRL,,
137,Maxima Mdf - Balneario Camboriu,https://www.madeiromdf.com.br/,painel pinus,FOUND,Itens encontrados.,['painel pinus'],Painel Lateral de Aço Inox 450mm x 64mm Hafele,450mm x 64mm,"R$ 53,90",http://www.madeiromdf.com.br/painel-lateral-de-aco-inox-450mm-x-64mm-hafele-8372,,,450.0,53.9,BRL,,
138,Maxima Mdf - Balneario Camboriu,https://www.madeiromdf.com.br/,painel pinus,FOUND,Itens encontrados.,['painel pinus'],PAINEL TASCHIBRA LUX EMBUTIDO 24W 6500K,,"R$ 79,71",http://www.madeiromdf.com.br/painel-taschibra-lux-embutido-24w-6500k-5508,,,,79.71,BRL,,
139,Maxima Mdf - Balneario Camboriu,https://www.madeiromdf.com.br/,painel pinus,FOUND,Itens encontrados.,['painel pinus'],PAINEL TASCHIBRA EMBUTIDO 3W 3000K REDONDO,,"R$ 16,50",http://www.madeiromdf.com.br/painel-taschibra-embutido-3w-3000k-redondo-5488,,,,16.5,BRL,,
140,Maxima Mdf - Balneario Camboriu,https://www.madeiromdf.com.br/,painel pinus,FOUND,Itens encontrados.,['painel pinus'],PAINEL TASCHIBRA LED EMBUTIDO 3W 3000K QUADRADO,,"R$ 16,10",http://www.madeiromdf.com.br/painel-taschibra-led-embutido-3w-3000k-quadrado-5486,,,,16.1,BRL,,
141,Maxima Mdf - Balneario Camboriu,https://www.madeiromdf.com.br/,painel pinus,FOUND,Itens encontrados.,['painel pinus'],PAINEL TASCHIBRA LED 24W 3000K QUADRADO EMBUTIDO,300X300X25,"R$ 83,89",http://www.madeiromdf.com.br/painel-taschibra-led-24w-3000k-quadrado-embutido-5450,300.0,300.0,,83.89,BRL,,
142,Maxima Mdf - Balneario Camboriu,https://www.madeiromdf.com.br/,painel pinus,FOUND,Itens encontrados.,['painel pinus'],PUXADOR TORRALBA PINUS,,"R$ 7,10",http://www.madeiromdf.com.br/puxador-torralba-pinus-5956,,,,7.1,BRL,,
143,Matecall Comercio E Representacao Ltda - Sao Jose,https://comercialms.com.br/,painel pinus,NOT_FOUND,Nao foram encontrados itens de 'painel pinus' (ou equivalentes) com dimensoes no nome neste site.,['painel pinus'],,,,,,,,,,,
144,Moveis Caftor Ltda - Rio Negrinho,https://www.moveiscaftor.com.br/,painel pinus,NOT_FOUND,Nao foram encontrados itens de 'painel pinus' (ou equivalentes) com dimensoes no nome neste site.,['painel pinus'],,,,,,,,,,,
145,Marfim Industria E Comercio De Ferramentas Ltda - Jaragua do Sul,https://www.mrdistribuidora.log.br/,painel pinus,NOT_FOUND,Nao foram encontrados itens de 'painel pinus' (ou equivalentes) com dimensoes no nome neste site.,['painel pinus'],,,,,,,,,,,
146,Materiais De Construcao Edevan Ltda - Gaspar,https://www.edevan.com.br/,painel pinus,NOT_FOUND,Nao foram encontrados itens de 'painel pinus' (ou equivalentes) com dimensoes no nome neste site.,['painel pinus'],,,,,,,,,,,
147,Mv Centerlar - Santo Amaro da Imperatriz,https://www.mvcenterlar.com.br/,painel pinus,NOT_FOUND,Nao foram encontrados itens de 'painel pinus' (ou equivalentes) com dimensoes no nome neste site.,['painel pinus'],,,,,,,,,,,
148,Lojas Quero-Quero - Guaramirim,https://www.queroquero.com.br/,painel pinus,FOUND,Itens encontrados.,['painel pinus'],Painel Horizontal Pinus Casa UD Com Stein 30x50cm,30x50cm,Indisponível,https://www.queroquero.com.br/painel-horizontal-pinus-casa-ud-com-stein-30x50cm/p,30.0,50.0,,,,,
149,Lojas Quero-Quero - Guaramirim,https://www.queroquero.com.br/,painel pinus,FOUND,Itens encontrados.,['painel pinus'],Painel Horizontal Pinus Casa UD Com Stein 50x100cm,50x100cm,Indisponível,https://www.queroquero.com.br/painel-horizontal-pinus-casa-ud-com-stein-50x100cm/p,50.0,100.0,,,,,
150,Meu Rodape - Itajai,https://www.meurodape.com/,painel pinus,NOT_FOUND,Nao foram encontrados itens de 'painel pinus' (ou equivalentes) com dimensoes no nome neste site.,['painel pinus'],,,,,,,,,,,
151,Moveis Rudnick S/A - Fabrica V - Sao Bento do Sul,https://rudnick.com.br/,painel pinus,FOUND,Itens encontrados.,['painel pinus'],Home Lens Fit - Painel,,,https://www.rudnick.com.br/produtos/salas-de-estar/homes--rack--paineis/painel-lens-fit,,,,,,,
152,Moveis Rudnick S/A - Fabrica V - Sao Bento do Sul,https://rudnick.com.br/,painel pinus,FOUND,Itens encontrados.,['painel pinus'],Painel Ripado Lin,,,https://www.rudnick.com.br/produtos/salas-de-estar/homes--rack--paineis/painel-ripado-lin,,,,,,,
153,Moveis Rudnick S/A - Fabrica V - Sao Bento do Sul,https://rudnick.com.br/,painel pinus,FOUND,Itens encontrados.,['painel pinus'],Painel Suspenso Lens,,,https://www.rudnick.com.br/produtos/salas-de-estar/homes--rack--paineis/painel-suspenso-lens,,,,,,,
154,Mx Moveis - Bandeirante,https://www.mxmoveis.com.br,painel pinus,NOT_FOUND,Nao foram encontrados itens de 'painel pinus' (ou equivalentes) com dimensoes no nome neste site.,['painel pinus'],,,,,,,,,,,
155,Oro Distribuidora Ltda - Navegantes,https://ourodistribuidora.com.br/,painel pinus,NOT_FOUND,Nao foram encontrados itens de 'painel pinus' (ou equivalentes) com dimensoes no nome neste site.,['painel pinus'],,,,,,,,,,,
156,Pedra Boa Com.De Ferragens E Material Eletrico Ltda - Joinville,pedraboa.com.br,painel pinus,NOT_FOUND,Nao foram encontrados itens de 'painel pinus' (ou equivalentes) com dimensoes no nome neste site.,['painel pinus'],,,,,,,,,,,
157,Moveis Ripke - Pinhalzinho,https://www.moveisripke.com.br,painel pinus,FOUND,Itens encontrados.,['painel pinus'],Gaveteiro em Madeira Maciça de Pinus Verde,,"R$ 654,05",/gaveteiro-em-madeira-de-pinus-verde,,,,654.05,BRL,,
158,Moveis Ripke - Pinhalzinho,https://www.moveisripke.com.br,painel pinus,FOUND,Itens encontrados.,['painel pinus'],Cômoda 4 + 4 Gavetas em Madeira de Pinus Cera Tequila,,"R$ 1.889,00",/comoda-4-4-gavetas-em-madeira-de-pinus-cera-tequila,,,,1889.0,BRL,,
159,Moveis Ripke - Pinhalzinho,https://www.moveisripke.com.br,painel pinus,FOUND,Itens encontrados.,['painel pinus'],Cômoda 4 Gavetas em Madeira de Pinus Cera Tequila,,"R$ 1.192,00",/comoda-4-gavetas-em-madeira-de-pinus-cera-tequila,,,,1192.0,BRL,,
160,Moveis Ripke - Pinhalzinho,https://www.moveisripke.com.br,painel pinus,FOUND,Itens encontrados.,['painel pinus'],Cômoda 4 + 4 Gavetas em Madeira de Pinus Branco,,"R$ 1.945,67",/comoda-4-4-gavetas-em-madeira-de-pinus-branco-TEQ020BB,,,,1945.67,BRL,,
161,Moveis Ripke - Pinhalzinho,https://www.moveisripke.com.br,painel pinus,FOUND,Itens encontrados.,['painel pinus'],Mesa de Cabeceira 2 Gavetas 1 Prateleira em Madeira de Pinus em Cera Tequila Verde,,"R$ 725,12",/mesa-de-cabeceira-2-gavetas-1-prateleira-em-madeira-de-pinus-verde-TEQ016VV,,,,725.12,BRL,,
162,Moveis Ripke - Pinhalzinho,https://www.moveisripke.com.br,painel pinus,FOUND,Itens encontrados.,['painel pinus'],Cômoda 4 Gavetas em Madeira de Pinus Verde,,"R$ 1.227,76",/comoda-4-gavetas-em-madeira-de-pinus-verde,,,,1227.76,BRL,,
163,Moveis Ripke - Pinhalzinho,https://www.moveisripke.com.br,painel pinus,FOUND,Itens encontrados.,['painel pinus'],Gaveteiro em Madeira Maciça de Pinus Branco,,"R$ 654,05",/gaveteiro-em-madeira-de-pinus-branco,,,,654.05,BRL,,
164,Moveis Ripke - Pinhalzinho,https://www.moveisripke.com.br,painel pinus,FOUND,Itens encontrados.,['painel pinus'],Gaveteiro em Madeira Maciça de Pinus Cera Tequila,,"R$ 635,00",/gaveteiro-em-madeira-de-pinus-cera-tequila,,,,635.0,BRL,,
165,Moveis Ripke - Pinhalzinho,https://www.moveisripke.com.br,painel pinus,FOUND,Itens encontrados.,['painel pinus'],Balcão 2 Portas em Madeira de Pinus em Cera Tequila Cera Tequila,,"R$ 736,00",/balcao-2-portas-em-madeira-de-pinus-cera-tequila,,,,736.0,BRL,,
166,Moveis Ripke - Pinhalzinho,https://www.moveisripke.com.br,painel pinus,FOUND,Itens encontrados.,['painel pinus'],Cômoda 1+3 Gavetas em Madeira de Pinus Branco,,"R$ 1.488,30",/comoda-1-3-gavetas-em-madeira-de-pinus-branco,,,,1488.3,BRL,,
167,Moveis Ripke - Pinhalzinho,https://www.moveisripke.com.br,painel pinus,FOUND,Itens encontrados.,['painel pinus'],Balcão 2 Portas em Madeira de Pinus em Cera Tequila Verde,,"R$ 758,08",/balcao-2-portas-em-madeira-de-pinus-verde-TEQ017VV,,,,758.08,BRL,,
168,Moveis Ripke - Pinhalzinho,https://www.moveisripke.com.br,painel pinus,FOUND,Itens encontrados.,['painel pinus'],Guarda-Roupa 4 Portas e 4 Gavetas em Madeira de Pinus Cera Tequila,,"R$ 4.240,00",/guarda-roupa-4-portas-e-4-gavetas-em-madeira-de-pinus-cera-tequila,,,,4240.0,BRL,,
169,Moveis Ripke - Pinhalzinho,https://www.moveisripke.com.br,painel pinus,FOUND,Itens encontrados.,['painel pinus'],Guarda-Roupa 2 Portas 2 Gavetas em Madeira de Pinus Cera,,"R$ 2.856,00",/guarda-roupa-2-portas-2-gavetas-em-madeira-de-pinus-cera,,,,2856.0,BRL,,
170,Moveis Ripke - Pinhalzinho,https://www.moveisripke.com.br,painel pinus,FOUND,Itens encontrados.,['painel pinus'],Cômoda Madri 4+4 Gavetas Cera,,"R$ 2.338,00",/comoda-madri-4-4-gavetas-cera,,,,2338.0,BRL,,
171,Moveis Ripke - Pinhalzinho,https://www.moveisripke.com.br,painel pinus,FOUND,Itens encontrados.,['painel pinus'],Cômoda 4 Gavetas em Madeira de Pinus Branco,,"R$ 1.227,76",/comoda-4-gavetas-em-madeira-de-pinus-branco,,,,1227.76,BRL,,
172,Moveis Ripke - Pinhalzinho,https://www.moveisripke.com.br,painel pinus,FOUND,Itens encontrados.,['painel pinus'],Sapateira 2 Portas 1 Gaveta em Madeira de Pinus Cera,,"R$ 1.195,00",/sapateira-2-portas-1-gaveta-em-madeira-de-pinus-cera,,,,1195.0,BRL,,
173,Moveis Ripke - Pinhalzinho,https://www.moveisripke.com.br,painel pinus,FOUND,Itens encontrados.,['painel pinus'],Trio Pedestal de Madeira de Pinus Cera Classic,,"R$ 555,00",/trio-pedestal-de-madeira-de-pinus-cera-classic,,,,555.0,BRL,,
174,Moveis Ripke - Pinhalzinho,https://www.moveisripke.com.br,painel pinus,FOUND,Itens encontrados.,['painel pinus'],Mesa de Cabeceira 1 Gaveta em Madeira de Pinus Branco,,"R$ 536,80",/mesa-de-cabeceira-1-gaveta-em-madeira-de-pinus-branco,,,,536.8,BRL,,
175,Moveis Ripke - Pinhalzinho,https://www.moveisripke.com.br,painel pinus,FOUND,Itens encontrados.,['painel pinus'],Guarda-Roupa Reto Usinado 4 Portas 2 gavetas em Madeira de Pinus Branco,,"R$ 5.933,40",/guarda-roupa-4-portas-2-gavetas-em-madeira-de-pinus-branco,,,,5933.4,BRL,,
176,Moveis Ripke - Pinhalzinho,https://www.moveisripke.com.br,painel pinus,FOUND,Itens encontrados.,['painel pinus'],Guarda-Roupa 2 Portas e Gavetas em Madeira de Pinus em Cera Tequila3 Cera Tequila,,"R$ 2.415,00",/guarda-roupa-2-portas-e-gavetas-em-madeira-de-pinus-cera-tequila,,,,2415.0,BRL,,
177,Moveis Ripke - Pinhalzinho,https://www.moveisripke.com.br,painel pinus,FOUND,Itens encontrados.,['painel pinus'],Balcão 3 Portas 3 Gavetas em Madeira de Pinus Cera,,"R$ 1.803,00",/balcao-3-portas-3-gavetas-em-madeira-de-pinus-cera,,,,1803.0,BRL,,
178,Moveis Ripke - Pinhalzinho,https://www.moveisripke.com.br,painel pinus,FOUND,Itens encontrados.,['painel pinus'],Rack TV 3 Gavetas em Madeira de Pinus Cera Tequila,,"R$ 1.323,00",/rack-tv-3-gavetas-em-madeira-de-pinus-cera-tequila,,,,1323.0,BRL,,
179,Moveis Ripke - Pinhalzinho,https://www.moveisripke.com.br,painel pinus,FOUND,Itens encontrados.,['painel pinus'],Sapateira 2 Portas 1 Gaveta em Madeira de Pinus Verde,,"R$ 1.314,50",/sapateira-2-portas-1-gaveta-em-madeira-de-pinus-verde,,,,1314.5,BRL,,
180,Moveis Ripke - Pinhalzinho,https://www.moveisripke.com.br,painel pinus,FOUND,Itens encontrados.,['painel pinus'],Mesa de Cabeceira 2 Gavetas 1 Prateleira em Madeira de Pinus em Cera Tequila Cera Tequila,,"R$ 704,00",/mesa-de-cabeceira-2-gavetas-1-prateleira-em-madeira-de-pinus-cera-tequila,,,,704.0,BRL,,
181,Moveis Ripke - Pinhalzinho,https://www.moveisripke.com.br,painel pinus,FOUND,Itens encontrados.,['painel pinus'],Guarda-Roupa 4 Portas e 4 Gavetas em Madeira de Pinus Verde,,"R$ 4.367,20",/guarda-roupa-4-portas-e-4-gavetas-em-madeira-de-pinus-verde,,,,4367.2,BRL,,
182,Moveis Ripke - Pinhalzinho,https://www.moveisripke.com.br,painel pinus,FOUND,Itens encontrados.,['painel pinus'],Guarda-Roupa 2 Portas e Gavetas em Madeira de Pinus em Cera Tequila3 Verde,,"R$ 2.487,45",/guarda-roupa-2-portas-e-gavetas-em-madeira-de-pinus-verde-TEQ005VV,,,,2487.45,BRL,,
183,Moveis Ripke - Pinhalzinho,https://www.moveisripke.com.br,painel pinus,FOUND,Itens encontrados.,['painel pinus'],Balcão 3 Portas 3 Gavetas em Madeira de Pinus Branco,,"R$ 1.983,30",/balcao-3-portas-3-gavetas-em-madeira-de-pinus-branco,,,,1983.3,BRL,,
184,Moveis Ripke - Pinhalzinho,https://www.moveisripke.com.br,painel pinus,FOUND,Itens encontrados.,['painel pinus'],Cômoda 4 + 4 Gavetas em Madeira de Pinus Verde,,"R$ 1.945,67",/comoda-4-4-gavetas-em-madeira-de-pinus-verde-TEQ020VV,,,,1945.67,BRL,,
185,Moveis Ripke - Pinhalzinho,https://www.moveisripke.com.br,painel pinus,FOUND,Itens encontrados.,['painel pinus'],Balcão 2 Portas 3 Gavetas em Madeira de Pinus Preto,,"R$ 1.715,98",/balcao-2-portas-3-gavetas-em-madeira-de-pinus-preto,,,,1715.98,BRL,,
186,Moveis Ripke - Pinhalzinho,https://www.moveisripke.com.br,painel pinus,FOUND,Itens encontrados.,['painel pinus'],Cômoda 1+3 Gavetas em Madeira de Pinus Cera,,"R$ 1.353,00",/comoda-1-3-gavetas-em-madeira-de-pinus-cera,,,,1353.0,BRL,,
187,Moveis Ripke - Pinhalzinho,https://www.moveisripke.com.br,painel pinus,FOUND,Itens encontrados.,['painel pinus'],Mesa de Cabeceira 1 Gaveta em Madeira de Pinus Verde,,"R$ 536,80",/mesa-de-cabeceira-1-gaveta-em-madeira-de-pinus-verde,,,,536.8,BRL,,
188,Moveis Ripke - Pinhalzinho,https://www.moveisripke.com.br,painel pinus,FOUND,Itens encontrados.,['painel pinus'],Aparador Pedestal Pequeno em Madeira de Pinus Branco,,"R$ 443,30",/aparador-pedestal-pequeno-em-madeira-de-pinus-branco,,,,443.3,BRL,,
189,Moveis Ripke - Pinhalzinho,https://www.moveisripke.com.br,painel pinus,FOUND,Itens encontrados.,['painel pinus'],Guarda-Roupa Curvo 3 Portas em Madeira de Pinus Cera Classic,,"R$ 4.264,00",/guarda-roupa-curvo-3-portas-em-madeira-de-pinus-cera-classic,,,,4264.0,BRL,,
190,Moveis Ripke - Pinhalzinho,https://www.moveisripke.com.br,painel pinus,FOUND,Itens encontrados.,['painel pinus'],Estante 4 Prateleiras em Madeira de Pinus Cera Classic,,"R$ 1.723,00",/estante-4-prateleiras-em-madeira-de-pinus-cera-classic,,,,1723.0,BRL,,
191,Moveis Ripke - Pinhalzinho,https://www.moveisripke.com.br,painel pinus,FOUND,Itens encontrados.,['painel pinus'],Balcão 2 Portas 3 Gavetas em Madeira de Pinus Branco,,"R$ 1.715,98",/balcao-2-portas-3-gavetas-em-madeira-de-pinus-branco,,,,1715.98,BRL,,
192,Moveis Ripke - Pinhalzinho,https://www.moveisripke.com.br,painel pinus,FOUND,Itens encontrados.,['painel pinus'],Cômoda 3 + 3 Gavetas em Madeira de Pinus Cera Tequila,,"R$ 1.531,00",/comoda-3-3-gavetas-em-madeira-de-pinus-cera-tequila,,,,1531.0,BRL,,
193,Moveis Ripke - Pinhalzinho,https://www.moveisripke.com.br,painel pinus,FOUND,Itens encontrados.,['painel pinus'],Balcão 1 Porta 3 Gavetas em Madeira de Pinus Cera,,"R$ 1.318,00",/balcao-1-porta-3-gavetas-em-madeira-de-pinus-cera,,,,1318.0,BRL,,
194,Moveis Ripke - Pinhalzinho,https://www.moveisripke.com.br,painel pinus,FOUND,Itens encontrados.,['painel pinus'],Rack TV 1 Porta de Vidro em Madeira de Pinus em Cera,,"R$ 1.204,00",/rack-tv-1-porta-de-vidro-em-madeira-de-pinus-em-cera,,,,1204.0,BRL,,
195,Moveis Ripke - Pinhalzinho,https://www.moveisripke.com.br,painel pinus,FOUND,Itens encontrados.,['painel pinus'],Balcão 1 Porta 3 Gavetas em Madeira de Pinus Azul,,"R$ 1.449,80",/balcao-1-porta-3-gavetas-em-madeira-de-pinus-azul,,,,1449.8,BRL,,
196,Moveis Ripke - Pinhalzinho,https://www.moveisripke.com.br,painel pinus,FOUND,Itens encontrados.,['painel pinus'],Rack TV 1 porta 1 Gaveta em Madeira de Pinus Verde,,"R$ 1.114,30",/rack-tv-1-porta-1-gaveta-em-madeira-de-pinus-verde,,,,1114.3,BRL,,
197,Moveis Ripke - Pinhalzinho,https://www.moveisripke.com.br,painel pinus,FOUND,Itens encontrados.,['painel pinus'],Mesa de Cabeceira 4 gavetas em Madeira de Pinus em Cera Tequila - BRANCO Preto,,"R$ 948,63",/mesa-de-cabeceira-4-gavetas-em-madeira-de-pinus-preto,,,,948.63,BRL,,
198,Pehnk Materiais Para Construcao Ltda. - Sao Joao Batista,https://www.pehnkmateriais.com.br/,painel pinus,NOT_FOUND,Nao foram encontrados itens de 'painel pinus' (ou equivalentes) com dimensoes no nome neste site.,['painel pinus'],,,,,,,,,,,
199,Lojas Presidente Ltda Epp - Presidente Getulio,https://www.lojaspresidente.com.br/,painel pinus,ERROR,Não foi possível acessar o site devido a uma verificação de segurança do Cloudflare que não pôde ser contornada.,['painel pinus'],,,,,,,,,,,
200,Poligress Shop - Criciuma,https://www.poligress.com.br/,painel pinus,NOT_FOUND,Nao foram encontrados itens de 'painel pinus' (ou equivalentes) com dimensoes no nome neste site.,['painel pinus'],,,,,,,,,,,
201,Salabella Estofados - Sao Bernardino,https://salabella.com.br/,painel pinus,NOT_FOUND,Nao foram encontrados itens de 'painel pinus' (ou equivalentes) com dimensoes no nome neste site.,['painel pinus'],,,,,,,,,,,
202,Madel Comercio De Madeiras E Ferragens Ltda - Itajai,https://www.madel.com.br/,painel pinus,NOT_FOUND,Nao foram encontrados itens de 'painel pinus' (ou equivalentes) com dimensoes no nome neste site.,['painel pinus'],,,,,,,,,,,
203,Mazzu Moveis - Urussanga,https://www.bembanheiro.com.br/,painel pinus,NOT_FOUND,Nao foram encontrados itens de 'painel pinus' (ou equivalentes) com dimensoes no nome neste site.,['painel pinus'],,,,,,,,,,,
204,Moveis Ruiz - Sao Jose do Cedro,https://moveisruiz.com.br,painel pinus,NOT_FOUND,Nao foram encontrados itens de 'painel pinus' (ou equivalentes) com dimensoes no nome neste site.,['painel pinus'],,,,,,,,,,,
205,Plagesso Ind. E Com. Ltda. - Chapeco,http://www.plagesso.com.br,painel pinus,NOT_FOUND,Nao foram encontrados itens de 'painel pinus' (ou equivalentes) com dimensoes no nome neste site.,['painel pinus'],,,,,,,,,,,
206,Sul Design Moveis - Sao Bento do Sul,https://www.sulmoveis.com.br/,painel pinus,NOT_FOUND,Nao foram encontrados itens de 'painel pinus' (ou equivalentes) com dimensoes no nome neste site.,['painel pinus'],,,,,,,,,,,
207,Unicompen Ltda - Porto Uniao,https://www.unicompen.com.br/,painel pinus,NOT_FOUND,Nao foram encontrados itens de 'painel pinus' (ou equivalentes) com dimensoes no nome neste site.,['painel pinus'],,,,,,,,,,,
208,Diprotec - Balneario Camboriu,https://diprotec.com.br/,painel pinus,NOT_FOUND,Nao foram encontrados itens de 'painel pinus' (ou equivalentes) com dimensoes no nome neste site.,['painel pinus'],,,,,,,,,,,
209,Schulz Store - Joinville,https://www.lojaschulz.com.br,painel pinus,NOT_FOUND,Nao foram encontrados itens de 'painel pinus' (ou equivalentes) com dimensoes no nome neste site.,['painel pinus'],,,,,,,,,,,
210,Rs Industria De Molduras - Rio do Sul,https://www.rsmmolduras.com.br,painel pinus,NOT_FOUND,Nao foram encontrados itens de 'painel pinus' (ou equivalentes) com dimensoes no nome neste site.,['painel pinus'],,,,,,,,,,,
211,Settis Industria E Comercio - Rio Negrinho,https://www.settis.com.br/,painel pinus,FOUND,Itens encontrados.,['painel pinus'],PAINEL DE PINUS NATURAL 600X200X17MM,600X200X17MM,"R$21,67",https://www.settis.com.br/produtos/painel-de-pinus-natural-600x200x17mm/,600.0,200.0,17.0,21.67,BRL,0.00204,10622.549019607843
212,Settis Industria E Comercio - Rio Negrinho,https://www.settis.com.br/,painel pinus,FOUND,Itens encontrados.,['painel pinus'],PAINEL DE PINUS NATURAL 800X200X17MM,800X200X17MM,"R$28,25",https://www.settis.com.br/produtos/painel-de-pinus-natural-800x200x17mm/,800.0,200.0,17.0,28.25,BRL,0.00272,10386.029411764704
213,Settis Industria E Comercio - Rio Negrinho,https://www.settis.com.br/,painel pinus,FOUND,Itens encontrados.,['painel pinus'],PAINEL DE PINUS NATURAL 1200X200X17MM,1200X200X17MM,"R$39,51",https://www.settis.com.br/produtos/painel-de-pinus-natural-1200x200x17mm/,1200.0,200.0,17.0,39.51,BRL,0.00408,9683.823529411764
214,Settis Industria E Comercio - Rio Negrinho,https://www.settis.com.br/,painel pinus,FOUND,Itens encontrados.,['painel pinus'],PAINEL DE PINUS NATURAL 300X300X17MM,300X300X17MM,"R$17,45",https://www.settis.com.br/produtos/painel-de-pinus-natural-300x300x17mm/,300.0,300.0,17.0,17.45,BRL,0.00153,11405.228758169935
215,Settis Industria E Comercio - Rio Negrinho,https://www.settis.com.br/,painel pinus,FOUND,Itens encontrados.,['painel pinus'],PAINEL DE PINUS NATURAL 600X300X17MM,600X300X17MM,"R$31,07",https://www.settis.com.br/produtos/painel-de-pinus-natural-600x300x17mm/,600.0,300.0,17.0,31.07,BRL,0.00306,10153.594771241831
216,Settis Industria E Comercio - Rio Negrinho,https://www.settis.com.br/,painel pinus,FOUND,Itens encontrados.,['painel pinus'],PAINEL DE PINUS NATURAL 800X300X17MM,800X300X17MM,"R$34,82",https://www.settis.com.br/produtos/painel-de-pinus-natural-800x300x17mm/,800.0,300.0,17.0,34.82,BRL,0.00408,8534.313725490196
217,Settis Industria E Comercio - Rio Negrinho,https://www.settis.com.br/,painel pinus,FOUND,Itens encontrados.,['painel pinus'],PAINEL DE PINUS NATURAL 1200X300X17MM,1200X300X17MM,"R$58,78",https://www.settis.com.br/produtos/painel-de-pinus-natural-1200x300x17mm/,1200.0,300.0,17.0,58.78,BRL,0.00612,9604.575163398693
218,Settis Industria E Comercio - Rio Negrinho,https://www.settis.com.br/,painel pinus,FOUND,Itens encontrados.,['painel pinus'],PAINEL DE PINUS NATURAL 2000X300X17MM,2000X300X17MM,"R$96,37",https://www.settis.com.br/produtos/painel-de-pinus-natural-2000x300x17mm/,2000.0,300.0,17.0,96.37,BRL,0.0102,9448.039215686274
219,Settis Industria E Comercio - Rio Negrinho,https://www.settis.com.br/,painel pinus,FOUND,Itens encontrados.,['painel pinus'],PAINEL DE PINUS NATURAL 800X400X17MM,800X400X17MM,"R$53,25",https://www.settis.com.br/produtos/painel-de-pinus-natural-800x400x17mm/,800.0,400.0,17.0,53.25,BRL,0.00544,9788.60294117647
220,Settis Industria E Comercio - Rio Negrinho,https://www.settis.com.br/,painel pinus,FOUND,Itens encontrados.,['painel pinus'],PAINEL DE PINUS NATURAL 1500X500X17MM,1500X500X17MM,"R$113,77",https://www.settis.com.br/produtos/painel-de-pinus-natural-1500x500x17mm/,1500.0,500.0,17.0,113.77,BRL,0.01275,8923.137254901962
221,Settis Industria E Comercio - Rio Negrinho,https://www.settis.com.br/,painel pinus,FOUND,Itens encontrados.,['painel pinus'],PAINEL DE PINUS NATURAL 1500X600X17MM,1500X600X17MM,"R$135,88",https://www.settis.com.br/produtos/painel-de-pinus-natural-1500x600x17mm/,1500.0,600.0,17.0,135.88,BRL,0.0153,8881.045751633987
222,Settis Industria E Comercio - Rio Negrinho,https://www.settis.com.br/,painel pinus,FOUND,Itens encontrados.,['painel pinus'],PAINEL DE PINUS NATURAL 2000X600X17MM,2000X600X17MM,"R$184,15",https://www.settis.com.br/produtos/painel-de-pinus-natural-2000x600x17mm/,2000.0,600.0,17.0,184.15,BRL,0.0204,9026.960784313726
223,Settis Industria E Comercio - Rio Negrinho,https://www.settis.com.br/,painel pinus,FOUND,Itens encontrados.,['painel pinus'],PAINEL DE PINUS SLIM NATURAL 400X200X17MM,400X200X17MM,"R$18,73",https://www.settis.com.br/produtos/painel-de-pinus-slim-natural-400x200x17mm/,400.0,200.0,17.0,18.73,BRL,0.00136,13772.05882352941
224,Settis Industria E Comercio - Rio Negrinho,https://www.settis.com.br/,painel pinus,FOUND,Itens encontrados.,['painel pinus'],PAINEL DE PINUS SLIM NATURAL 600X200X17MM,600X200X17MM,"R$27,35",https://www.settis.com.br/produtos/painel-de-pinus-slim-natural-600x200x17mm/,600.0,200.0,17.0,27.35,BRL,0.00204,13406.862745098038
225,Settis Industria E Comercio - Rio Negrinho,https://www.settis.com.br/,painel pinus,FOUND,Itens encontrados.,['painel pinus'],PAINEL DE PINUS SLIM NATURAL 600X200X17MM,600X200X17MM,"R$27,35",https://www.settis.com.br/produtos/painel-de-pinus-slim-natural-600x200x17mm1/,600.0,200.0,17.0,27.35,BRL,0.00204,13406.862745098038
226,Settis Industria E Comercio - Rio Negrinho,https://www.settis.com.br/,painel pinus,FOUND,Itens encontrados.,['painel pinus'],PAINEL DE PINUS SLIM NATURAL 800X200X17MM,800X200X17MM,"R$31,86",https://www.settis.com.br/produtos/painel-de-pinus-slim-natural-800x200x17mm/,800.0,200.0,17.0,31.86,BRL,0.00272,11713.235294117647
227,Settis Industria E Comercio - Rio Negrinho,https://www.settis.com.br/,painel pinus,FOUND,Itens encontrados.,['painel pinus'],PAINEL DE PINUS SLIM NATURAL 1200X200X17MM,1200X200X17MM,"R$52,75",https://www.settis.com.br/produtos/painel-de-pinus-slim-natural-1200x200x17mm/,1200.0,200.0,17.0,52.75,BRL,0.00408,12928.92156862745
228,Settis Industria E Comercio - Rio Negrinho,https://www.settis.com.br/,painel pinus,FOUND,Itens encontrados.,['painel pinus'],PAINEL DE PINUS SLIM NATURAL 600X300X17MM,600X300X17MM,"R$36,85",https://www.settis.com.br/produtos/painel-de-pinus-slim-natural-600x300x17mm/,600.0,300.0,17.0,36.85,BRL,0.00306,12042.48366013072
229,Settis Industria E Comercio - Rio Negrinho,https://www.settis.com.br/,painel pinus,FOUND,Itens encontrados.,['painel pinus'],PAINEL DE PINUS SLIM NATURAL 800X300X17MM,800X300X17MM,"R$49,48",https://www.settis.com.br/produtos/painel-de-pinus-slim-natural-800x300x17mm/,800.0,300.0,17.0,49.48,BRL,0.00408,12127.450980392156
230,Settis Industria E Comercio - Rio Negrinho,https://www.settis.com.br/,painel pinus,FOUND,Itens encontrados.,['painel pinus'],PAINEL DE PINUS SLIM NATURAL 1200X300X17MM,1200X300X17MM,"R$63,49",https://www.settis.com.br/produtos/painel-de-pinus-slim-natural-1200x300x17mm/,1200.0,300.0,17.0,63.49,BRL,0.00612,10374.183006535948
231,Settis Industria E Comercio - Rio Negrinho,https://www.settis.com.br/,painel pinus,FOUND,Itens encontrados.,['painel pinus'],PAINEL DE PINUS BOLEADO TINGIDO 600X200X17MM,600X200X17MM,"R$27,36",https://www.settis.com.br/produtos/painel-de-pinus-boleado-tingido-600x200x17mm/,600.0,200.0,17.0,27.36,BRL,0.00204,13411.764705882351
232,Settis Industria E Comercio - Rio Negrinho,https://www.settis.com.br/,painel pinus,FOUND,Itens encontrados.,['painel pinus'],PAINEL DE PINUS BOLEADO TINGIDO 800X200X17MM,800X200X17MM,"R$33,92",https://www.settis.com.br/produtos/painel-de-pinus-boleado-tingido-800x200x17mm/,800.0,200.0,17.0,33.92,BRL,0.00272,12470.588235294117
233,Settis Industria E Comercio - Rio Negrinho,https://www.settis.com.br/,painel pinus,FOUND,Itens encontrados.,['painel pinus'],PAINEL DE PINUS BOLEADO TINGIDO 1200X200X17MM,1200X200X17MM,"R$50,77",https://www.settis.com.br/produtos/painel-de-pinus-boleado-tingido-1200x200x17mm/,1200.0,200.0,17.0,50.77,BRL,0.00408,12443.627450980392
234,Settis Industria E Comercio - Rio Negrinho,https://www.settis.com.br/,painel pinus,FOUND,Itens encontrados.,['painel pinus'],PAINEL DE PINUS BOLEADO TINGIDO 600X300X17MM,600X300X17MM,"R$38,38",https://www.settis.com.br/produtos/painel-de-pinus-boleado-tingido-600x300x17mm/,600.0,300.0,17.0,38.38,BRL,0.00306,12542.483660130722
235,Studio Ambientes - Florianopolis,https://www.studioambientes.com.br,painel pinus,NOT_FOUND,Nao foram encontrados itens de 'painel pinus' (ou equivalentes) com dimensoes no nome neste site.,['painel pinus'],,,,,,,,,,,
236,Espaco Smart - Joinville,https://www.espacosmart.com.br/,painel pinus,FOUND,Itens encontrados.,['painel pinus'],Painel Wall 40 x 1200 x 2500 MM (3m²),40 x 1200 x 2500 MM,"R$ 708,26",/painel-wall-40-x-1200-x-2500-mm-3m,40.0,1200.0,2500.0,708.26,BRL,0.12,5902.166666666667
237,Espaco Smart - Joinville,https://www.espacosmart.com.br/,painel pinus,FOUND,Itens encontrados.,['painel pinus'],Painel Wall 23 x 1200 x 2500 MM (3M²),23 x 1200 x 2500 MM,"R$ 581,45",/painel-wall-23-x-1200-x-2500-mm-3m,23.0,1200.0,2500.0,581.45,BRL,0.069,8426.811594202898
238,Zago Ferragens E Materiais De Construcao Ltda - Lages,https://zzago.com.br/,painel pinus,NOT_FOUND,Nao foram encontrados itens de 'painel pinus' (ou equivalentes) com dimensoes no nome neste site.,['painel pinus'],,,,,,,,,,,
239,Banhoecasa.Com.Br - Palhoca,https://www.banhoecasa.com.br/,painel pinus,NOT_FOUND,Nao foram encontrados itens de 'painel pinus' (ou equivalentes) com dimensoes no nome neste site.,['painel pinus'],,,,,,,,,,,
240,Portobello Shop - Criciuma,https://www.portobello.com.br,painel pinus,NOT_FOUND,Nao foram encontrados itens de 'painel pinus' (ou equivalentes) com dimensoes no nome neste site.,['painel pinus'],,,,,,,,,,,
241,So Bercos - Rio Negrinho,https://www.sobercos.com.br/,painel pinus,FOUND,Itens encontrados.,['painel pinus'],Balcão Buffet em Madeira Maciça de Pinus 2 Gavetas e 2 Portas,,"R$ 449,55",/balcao-buffet-em-madeira-macica-de-pinus-2-gavetas-e-2-portas,,,,449.55,BRL,,
242,So Bercos - Rio Negrinho,https://www.sobercos.com.br/,painel pinus,FOUND,Itens encontrados.,['painel pinus'],Baú de Armazenamento em Madeira Maciça de Pinus com Tampa Articulada e Trava de Segurança,,"R$ 379,79",/bau-de-armazenamento-em-madeira-macica-de-pinus-com-tampa-articulada-e-trava-de-seguranca,,,,379.79,BRL,,
243,So Bercos - Rio Negrinho,https://www.sobercos.com.br/,painel pinus,FOUND,Itens encontrados.,['painel pinus'],Balcão Buffet Grande em Madeira Maciça 3 Gavetas e 3 Portas,,,,,,,,,,
244,So Bercos - Rio Negrinho,https://www.sobercos.com.br/,painel pinus,FOUND,Itens encontrados.,['painel pinus'],Suporte de Berço para Mobile em Madeira Mel,,"R$ 249,00",/suporte-de-berco-para-mobile-em-madeira-mel,,,,249.0,BRL,,
245,Rmc Comercio De Materiais De Construcao Ltda - Concordia,https://realcenterconcordia.com.br/,painel pinus,NOT_FOUND,Nao foram encontrados itens de 'painel pinus' (ou equivalentes) com dimensoes no nome neste site.,[],,,,,,,,,,,
246,Zzago - Lages,https://zzago.com.br,painel pinus,NOT_FOUND,Nao foram encontrados itens de 'painel pinus' (ou equivalentes) com dimensoes no nome neste site.,['painel pinus'],,,,,,,,,,,
